-- phpMyAdmin SQL Dump
-- version 5.1.0
-- https://www.phpmyadmin.net/
--
-- Anamakine: 127.0.0.1
-- Üretim Zamanı: 07 Ara 2021, 17:38:56
-- Sunucu sürümü: 10.4.19-MariaDB
-- PHP Sürümü: 7.3.28

SET SQL_MODE = "NO_AUTO_VALUE_ON_ZERO";
START TRANSACTION;
SET time_zone = "+00:00";


/*!40101 SET @OLD_CHARACTER_SET_CLIENT=@@CHARACTER_SET_CLIENT */;
/*!40101 SET @OLD_CHARACTER_SET_RESULTS=@@CHARACTER_SET_RESULTS */;
/*!40101 SET @OLD_COLLATION_CONNECTION=@@COLLATION_CONNECTION */;
/*!40101 SET NAMES utf8mb4 */;

--
-- Veritabanı: `tercihrobotu`
--

-- --------------------------------------------------------

--
-- Tablo için tablo yapısı `faculty`
--

CREATE TABLE `faculty` (
  `uni_id` int(3) DEFAULT NULL,
  `faculty_id` int(3) DEFAULT NULL
) ENGINE=InnoDB DEFAULT CHARSET=utf8;

--
-- Tablo döküm verisi `faculty`
--

INSERT INTO `faculty` (`uni_id`, `faculty_id`) VALUES
(1, 1),
(2, 1),
(3, 2),
(4, 3),
(5, 1),
(2, 3),
(6, 3),
(2, 4),
(2, 5),
(7, 6),
(2, 6),
(8, 7),
(2, 6),
(9, 3),
(10, 3),
(1, 1),
(7, 4),
(2, 5),
(11, 8),
(2, 4),
(6, 6),
(7, 4),
(6, 9),
(7, 6),
(2, 5),
(11, 10),
(6, 6),
(12, 11),
(6, 9),
(13, 3),
(12, 12),
(7, 13),
(2, 4),
(14, 1),
(9, 13),
(7, 4),
(6, 12),
(12, 12),
(6, 3),
(2, 5),
(2, 14),
(2, 6),
(4, 15),
(7, 13),
(15, 6),
(12, 16),
(12, 3),
(2, 5),
(13, 13),
(7, 6),
(4, 4),
(9, 13),
(7, 16),
(13, 17),
(7, 13),
(12, 12),
(7, 13),
(14, 1),
(6, 9),
(6, 18),
(2, 14),
(11, 19),
(6, 5),
(9, 4),
(3, 2),
(13, 13),
(2, 14),
(4, 4),
(13, 1),
(12, 12),
(8, 7),
(9, 1),
(13, 15),
(13, 20),
(2, 4),
(16, 21),
(10, 22),
(4, 4),
(17, 15),
(18, 15),
(2, 6),
(12, 23),
(13, 15),
(12, 24),
(7, 16),
(19, 15),
(20, 1),
(3, 25),
(13, 17),
(7, 13),
(13, 15),
(7, 13),
(17, 26),
(6, 5),
(7, 20),
(21, 27),
(15, 6),
(15, 13),
(15, 4),
(2, 6),
(12, 12),
(19, 15),
(12, 6),
(7, 13),
(2, 5),
(7, 6),
(22, 2),
(10, 22),
(9, 4),
(14, 20),
(19, 28),
(9, 6),
(17, 29),
(15, 13),
(9, 11),
(13, 15),
(6, 6),
(17, 29),
(12, 12),
(7, 20),
(2, 1),
(4, 4),
(12, 23),
(6, 6),
(4, 13),
(17, 15),
(3, 20),
(23, 20),
(2, 5),
(19, 1),
(19, 16),
(20, 1),
(17, 29),
(23, 20),
(9, 13),
(2, 4),
(19, 9),
(20, 3),
(15, 20),
(13, 13),
(15, 4),
(6, 5),
(24, 1),
(19, 3),
(25, 1),
(9, 6),
(19, 15),
(18, 15),
(13, 13),
(16, 30),
(14, 25),
(9, 4),
(16, 15),
(17, 29),
(21, 31),
(6, 6),
(10, 3),
(25, 18),
(26, 1),
(12, 6),
(15, 20),
(9, 6),
(2, 14),
(6, 14),
(17, 3),
(6, 9),
(22, 1),
(27, 1),
(15, 20),
(28, 13),
(17, 15),
(9, 4),
(19, 15),
(21, 27),
(6, 18),
(13, 13),
(25, 1),
(10, 25),
(28, 32),
(6, 6),
(3, 25),
(29, 20),
(30, 20),
(14, 3),
(31, 30),
(32, 24),
(33, 15),
(2, 6),
(34, 1),
(25, 13),
(21, 12),
(28, 15),
(17, 15),
(14, 20),
(9, 13),
(14, 20),
(18, 15),
(24, 1),
(35, 30),
(34, 1),
(13, 20),
(19, 28),
(18, 15),
(22, 13),
(2, 6),
(15, 4),
(30, 17),
(36, 21),
(22, 2),
(3, 25),
(37, 1),
(25, 1),
(26, 20),
(38, 16),
(26, 25),
(19, 19),
(19, 15),
(15, 6),
(19, 16),
(25, 1),
(29, 20),
(4, 33),
(19, 9),
(10, 3),
(8, 34),
(39, 1),
(40, 35),
(21, 12),
(17, 15),
(22, 36),
(13, 37),
(3, 20),
(41, 1),
(21, 38),
(14, 25),
(42, 13),
(14, 20),
(22, 3),
(20, 28),
(22, 36),
(43, 39),
(17, 12),
(13, 40),
(19, 9),
(39, 1),
(28, 41),
(15, 6),
(17, 15),
(16, 30),
(24, 18),
(13, 1),
(37, 25),
(44, 1),
(3, 20),
(45, 20),
(46, 42),
(47, 17),
(48, 20),
(10, 25),
(6, 14),
(31, 30),
(8, 34),
(15, 6),
(21, 31),
(25, 3),
(13, 6),
(18, 15),
(17, 15),
(35, 15),
(7, 20),
(6, 5),
(30, 1),
(1, 20),
(14, 6),
(25, 18),
(28, 1),
(37, 43),
(14, 25),
(49, 1),
(10, 25),
(50, 1),
(18, 9),
(31, 30),
(51, 44),
(22, 3),
(23, 21),
(28, 15),
(52, 1),
(34, 45),
(23, 30),
(7, 16),
(1, 20),
(53, 46),
(54, 20),
(34, 45),
(55, 3),
(22, 36),
(19, 9),
(30, 1),
(54, 1),
(40, 47),
(2, 5),
(37, 43),
(30, 20),
(43, 3),
(18, 3),
(56, 20),
(4, 13),
(26, 25),
(56, 20),
(25, 20),
(12, 6),
(31, 48),
(13, 4),
(44, 1),
(41, 20),
(40, 49),
(17, 12),
(15, 4),
(23, 20),
(54, 1),
(7, 13),
(33, 13),
(57, 20),
(7, 6),
(45, 3),
(26, 20),
(3, 25),
(41, 20),
(14, 25),
(14, 6),
(19, 9),
(17, 15),
(58, 1),
(26, 20),
(59, 17),
(60, 1),
(61, 20),
(14, 25),
(62, 13),
(63, 20),
(9, 1),
(64, 3),
(50, 20),
(8, 34),
(17, 12),
(65, 1),
(3, 20),
(37, 3),
(52, 20),
(21, 12),
(66, 1),
(23, 20),
(9, 6),
(31, 20),
(35, 30),
(67, 1),
(10, 25),
(29, 13),
(59, 50),
(68, 1),
(2, 5),
(35, 16),
(20, 51),
(21, 31),
(51, 13),
(69, 1),
(34, 45),
(30, 15),
(50, 20),
(52, 20),
(49, 28),
(35, 15),
(63, 13),
(1, 18),
(51, 1),
(10, 25),
(9, 6),
(4, 33),
(22, 36),
(44, 3),
(19, 9),
(14, 25),
(9, 3),
(70, 1),
(34, 45),
(22, 2),
(25, 20),
(17, 12),
(14, 25),
(15, 52),
(40, 53),
(6, 18),
(1, 3),
(35, 54),
(45, 9),
(43, 39),
(48, 20),
(71, 1),
(56, 3),
(72, 20),
(66, 20),
(63, 3),
(13, 13),
(41, 42),
(73, 3),
(74, 1),
(19, 19),
(59, 20),
(29, 13),
(68, 20),
(75, 1),
(54, 20),
(16, 3),
(26, 25),
(10, 2),
(42, 13),
(59, 20),
(12, 11),
(10, 22),
(10, 25),
(48, 31),
(19, 19),
(28, 3),
(10, 25),
(33, 13),
(42, 3),
(57, 20),
(28, 15),
(16, 30),
(76, 1),
(49, 3),
(22, 36),
(77, 20),
(68, 20),
(68, 1),
(44, 30),
(25, 13),
(22, 13),
(78, 1),
(79, 20),
(21, 38),
(36, 20),
(6, 6),
(80, 13),
(45, 9),
(41, 3),
(81, 20),
(6, 18),
(65, 20),
(40, 55),
(59, 1),
(82, 1),
(83, 20),
(81, 1),
(48, 20),
(84, 56),
(20, 51),
(20, 28),
(58, 20),
(59, 1),
(85, 3),
(31, 20),
(9, 6),
(8, 34),
(23, 3),
(25, 20),
(17, 29),
(86, 20),
(87, 20),
(88, 57),
(72, 1),
(34, 45),
(28, 13),
(20, 2),
(7, 13),
(14, 6),
(62, 13),
(56, 20),
(10, 37),
(89, 1),
(20, 51),
(81, 20),
(90, 20),
(21, 31),
(91, 1),
(22, 13),
(87, 20),
(36, 20),
(1, 15),
(78, 20),
(73, 58),
(7, 13),
(37, 43),
(52, 3),
(19, 28),
(75, 3),
(59, 20),
(2, 6),
(10, 25),
(92, 59),
(92, 60),
(83, 20),
(93, 20),
(94, 13),
(35, 3),
(6, 6),
(64, 48),
(23, 21),
(87, 1),
(20, 51),
(61, 1),
(49, 1),
(21, 12),
(93, 1),
(95, 61),
(72, 20),
(76, 20),
(2, 5),
(31, 1),
(37, 43),
(30, 3),
(35, 15),
(41, 25),
(10, 2),
(27, 37),
(59, 50),
(63, 54),
(35, 16),
(96, 15),
(37, 25),
(83, 1),
(97, 20),
(79, 3),
(51, 3),
(33, 3),
(98, 13),
(38, 1),
(20, 51),
(99, 20),
(40, 62),
(80, 1),
(100, 1),
(93, 20),
(89, 20),
(101, 20),
(6, 6),
(45, 9),
(90, 20),
(26, 25),
(99, 1),
(59, 13),
(10, 25),
(52, 20),
(5, 13),
(19, 9),
(23, 20),
(102, 30),
(52, 20),
(46, 44),
(72, 20),
(10, 25),
(62, 1),
(82, 13),
(10, 25),
(92, 60),
(79, 1),
(25, 13),
(103, 1),
(104, 24),
(66, 3),
(2, 14),
(105, 1),
(83, 1),
(83, 25),
(33, 1),
(90, 1),
(41, 20),
(106, 1),
(107, 63),
(33, 17),
(17, 19),
(1, 30),
(20, 51),
(100, 64),
(21, 31),
(108, 1),
(15, 4),
(89, 25),
(107, 63),
(17, 12),
(41, 20),
(58, 20),
(109, 20),
(50, 20),
(89, 20),
(110, 1),
(21, 65),
(21, 12),
(48, 54),
(6, 5),
(111, 66),
(56, 42),
(88, 1),
(111, 66),
(112, 20),
(113, 47),
(17, 12),
(53, 24),
(22, 6),
(114, 20),
(115, 20),
(116, 1),
(19, 19),
(6, 9),
(31, 1),
(80, 13),
(95, 1),
(72, 67),
(58, 20),
(49, 28),
(36, 3),
(57, 20),
(39, 3),
(117, 1),
(97, 20),
(5, 13),
(13, 4),
(4, 13),
(10, 25),
(15, 13),
(1, 18),
(7, 13),
(109, 20),
(76, 3),
(34, 1),
(61, 20),
(10, 25),
(118, 68),
(2, 14),
(119, 9),
(65, 3),
(26, 25),
(105, 20),
(17, 29),
(28, 1),
(120, 1),
(20, 51),
(111, 1),
(121, 20),
(61, 1),
(51, 13),
(58, 3),
(111, 66),
(122, 20),
(43, 6),
(101, 1),
(27, 1),
(94, 3),
(59, 3),
(64, 1),
(68, 20),
(6, 14),
(38, 50),
(123, 1),
(37, 43),
(10, 25),
(77, 20),
(68, 20),
(124, 1),
(33, 13),
(13, 20),
(90, 50),
(41, 25),
(109, 1),
(79, 13),
(35, 15),
(14, 37),
(14, 25),
(49, 28),
(78, 20),
(40, 69),
(125, 1),
(126, 20),
(93, 3),
(118, 1),
(95, 61),
(127, 20),
(128, 20),
(129, 20),
(49, 25),
(66, 13),
(2, 14),
(30, 15),
(127, 1),
(100, 1),
(22, 36),
(130, 1),
(12, 6),
(77, 70),
(131, 9),
(83, 25),
(132, 20),
(66, 20),
(22, 2),
(81, 3),
(52, 1),
(133, 6),
(48, 65),
(1, 20),
(61, 20),
(10, 71),
(92, 60),
(19, 19),
(28, 6),
(134, 9),
(120, 20),
(95, 1),
(31, 3),
(87, 13),
(76, 20),
(10, 15),
(135, 1),
(59, 20),
(54, 20),
(112, 1),
(19, 9),
(2, 5),
(9, 11),
(20, 51),
(136, 1),
(136, 20),
(22, 36),
(137, 1),
(74, 3),
(39, 18),
(121, 20),
(66, 20),
(15, 6),
(40, 72),
(25, 37),
(138, 1),
(20, 51),
(132, 1),
(128, 20),
(139, 13),
(36, 20),
(6, 6),
(38, 1),
(115, 1),
(140, 20),
(141, 1),
(116, 3),
(19, 1),
(42, 13),
(110, 30),
(81, 20),
(45, 6),
(72, 20),
(79, 20),
(72, 20),
(34, 45),
(142, 1),
(128, 1),
(1, 1),
(143, 20),
(48, 13),
(128, 20),
(33, 17),
(1, 37),
(1, 1),
(21, 31),
(22, 13),
(68, 73),
(81, 13),
(38, 3),
(30, 1),
(9, 6),
(144, 1),
(145, 20),
(122, 1),
(14, 25),
(78, 20),
(75, 50),
(59, 50),
(1, 30),
(80, 3),
(146, 1),
(25, 37),
(9, 6),
(71, 30),
(121, 1),
(28, 6),
(1, 37),
(147, 74),
(7, 6),
(143, 1),
(148, 3),
(6, 5),
(149, 1),
(43, 4),
(3, 3),
(87, 20),
(150, 1),
(10, 37),
(25, 18),
(1, 20),
(20, 71),
(20, 51),
(37, 25),
(63, 54),
(151, 75),
(87, 20),
(140, 1),
(26, 25),
(152, 6),
(120, 20),
(86, 1),
(83, 20),
(99, 3),
(120, 67),
(145, 1),
(18, 19),
(110, 30),
(82, 13),
(100, 64),
(153, 1),
(26, 37),
(154, 20),
(155, 1),
(156, 1),
(1, 15),
(13, 20),
(45, 9),
(39, 1),
(104, 1),
(108, 13),
(20, 51),
(21, 13),
(39, 1),
(119, 9),
(157, 3),
(13, 6),
(156, 1),
(86, 20),
(136, 20),
(92, 60),
(22, 37),
(119, 16),
(20, 37),
(81, 20),
(19, 28),
(158, 50),
(151, 75),
(153, 20),
(2, 4),
(88, 57),
(37, 25),
(125, 13),
(92, 3),
(43, 6),
(53, 24),
(101, 20),
(156, 36),
(90, 20),
(34, 37),
(61, 20),
(13, 40),
(95, 61),
(93, 20),
(75, 20),
(33, 15),
(131, 9),
(71, 1),
(41, 37),
(10, 2),
(132, 20),
(159, 1),
(63, 20),
(120, 1),
(20, 37),
(75, 25),
(160, 50),
(14, 25),
(106, 25),
(22, 36),
(99, 13),
(19, 37),
(1, 19),
(76, 25),
(13, 40),
(41, 42),
(83, 20),
(3, 20),
(28, 12),
(56, 25),
(21, 76),
(88, 57),
(50, 37),
(15, 13),
(75, 3),
(107, 63),
(19, 11),
(25, 1),
(2, 6),
(97, 20),
(161, 3),
(31, 20),
(14, 20),
(61, 3),
(39, 1),
(34, 45),
(40, 77),
(39, 37),
(162, 78),
(44, 37),
(18, 9),
(34, 45),
(60, 37),
(40, 79),
(59, 20),
(56, 42),
(50, 42),
(100, 3),
(59, 20),
(54, 37),
(81, 13),
(93, 20),
(163, 9),
(33, 1),
(30, 20),
(39, 37),
(39, 1),
(164, 3),
(58, 37),
(30, 20),
(35, 30),
(24, 1),
(165, 20),
(17, 29),
(76, 25),
(89, 20),
(29, 20),
(160, 20),
(146, 20),
(52, 37),
(51, 1),
(119, 54),
(20, 51),
(68, 37),
(6, 5),
(54, 37),
(64, 3),
(71, 30),
(138, 1),
(20, 6),
(37, 25),
(166, 20),
(10, 25),
(119, 9),
(78, 13),
(18, 9),
(49, 37),
(60, 37),
(34, 6),
(167, 30),
(113, 47),
(23, 20),
(67, 37),
(95, 3),
(135, 20),
(10, 25),
(66, 37),
(48, 65),
(107, 3),
(25, 1),
(1, 15),
(105, 20),
(76, 25),
(116, 13),
(168, 54),
(41, 25),
(56, 20),
(127, 20),
(154, 20),
(116, 20),
(75, 37),
(75, 50),
(31, 48),
(9, 6),
(24, 1),
(20, 15),
(89, 20),
(90, 20),
(43, 6),
(76, 37),
(48, 31),
(101, 20),
(85, 15),
(30, 30),
(30, 1),
(13, 13),
(104, 20),
(34, 45),
(14, 20),
(61, 13),
(5, 80),
(13, 1),
(87, 37),
(164, 20),
(100, 13),
(118, 13),
(79, 37),
(112, 20),
(25, 13),
(28, 6),
(115, 20),
(111, 3),
(109, 20),
(15, 6),
(15, 52),
(13, 4),
(52, 20),
(13, 40),
(72, 37),
(78, 37),
(69, 1),
(31, 37),
(114, 20),
(114, 13),
(169, 28),
(37, 43),
(83, 37),
(77, 13),
(99, 37),
(19, 19),
(13, 80),
(77, 20),
(170, 54),
(156, 36),
(125, 3),
(73, 3),
(94, 54),
(20, 81),
(92, 3),
(118, 68),
(107, 63),
(33, 15),
(26, 6),
(81, 37),
(99, 20),
(144, 20),
(75, 25),
(25, 18),
(131, 17),
(171, 1),
(100, 37),
(14, 6),
(60, 1),
(93, 37),
(43, 6),
(3, 25),
(1, 19),
(132, 20),
(52, 13),
(57, 3),
(13, 13),
(25, 20),
(110, 37),
(150, 20),
(145, 20),
(142, 3),
(43, 6),
(17, 19),
(172, 37),
(173, 82),
(17, 12),
(86, 20),
(41, 25),
(122, 20),
(117, 20),
(165, 20),
(90, 37),
(50, 13),
(141, 25),
(106, 37),
(28, 1),
(7, 13),
(160, 20),
(136, 20),
(121, 20),
(38, 1),
(12, 24),
(13, 4),
(111, 37),
(76, 25),
(61, 37),
(89, 37),
(31, 83),
(105, 50),
(116, 3),
(92, 37),
(22, 15),
(101, 37),
(6, 5),
(59, 37),
(108, 3),
(126, 20),
(48, 65),
(2, 5),
(170, 37),
(95, 25),
(125, 13),
(12, 16),
(169, 28),
(76, 25),
(116, 37),
(97, 20),
(112, 13),
(59, 37),
(17, 19),
(13, 20),
(43, 6),
(44, 1),
(139, 3),
(64, 37),
(159, 20),
(15, 76),
(9, 1),
(43, 3),
(19, 19),
(134, 84),
(174, 20),
(6, 14),
(84, 20),
(65, 1),
(60, 42),
(80, 37),
(82, 20),
(155, 85),
(162, 78),
(140, 20),
(37, 6),
(112, 37),
(31, 83),
(123, 37),
(135, 20),
(33, 37),
(46, 37),
(127, 25),
(77, 37),
(6, 6),
(14, 6),
(10, 25),
(51, 13),
(56, 20),
(22, 6),
(128, 25),
(73, 3),
(63, 13),
(118, 37),
(164, 20),
(95, 37),
(147, 74),
(116, 20),
(97, 13),
(95, 61),
(49, 42),
(55, 25),
(80, 1),
(20, 51),
(37, 43),
(5, 13),
(104, 20),
(135, 37),
(55, 42),
(124, 37),
(175, 37),
(58, 1),
(14, 25),
(21, 13),
(10, 80),
(28, 12),
(95, 3),
(127, 20),
(127, 25),
(109, 20),
(145, 3),
(130, 37),
(25, 37),
(42, 3),
(11, 19),
(138, 1),
(34, 45),
(170, 37),
(127, 37),
(10, 2),
(115, 20),
(63, 20),
(132, 37),
(112, 20),
(29, 6),
(14, 80),
(21, 86),
(28, 12),
(146, 20),
(176, 13),
(62, 17),
(114, 20),
(54, 1),
(105, 20),
(21, 86),
(141, 37),
(142, 13),
(153, 20),
(113, 47),
(87, 42),
(41, 25),
(115, 13),
(177, 37),
(27, 80),
(100, 87),
(136, 37),
(117, 88),
(162, 37),
(120, 37),
(20, 51),
(129, 25),
(10, 25),
(178, 37),
(22, 6),
(83, 20),
(18, 54),
(136, 89),
(121, 37),
(142, 37),
(128, 37),
(25, 6),
(85, 30),
(96, 15),
(146, 13),
(25, 37),
(179, 54),
(131, 37),
(48, 20),
(118, 68),
(113, 79),
(59, 15),
(86, 37),
(19, 15),
(28, 6),
(102, 30),
(122, 13),
(92, 68),
(57, 20),
(144, 20),
(41, 90),
(118, 13),
(6, 3),
(143, 37),
(126, 20),
(8, 6),
(145, 37),
(71, 15),
(67, 1),
(88, 57),
(180, 37),
(55, 25),
(1, 80),
(31, 37),
(177, 3),
(113, 35),
(35, 6),
(120, 20),
(3, 25),
(13, 13),
(121, 13),
(122, 20),
(155, 37),
(9, 6),
(71, 15),
(20, 6),
(181, 25),
(42, 6),
(141, 25),
(120, 1),
(156, 37),
(154, 20),
(13, 6),
(15, 13),
(142, 20),
(35, 6),
(45, 6),
(20, 28),
(121, 20),
(159, 20),
(15, 52),
(17, 29),
(30, 1),
(35, 30),
(113, 79),
(104, 37),
(182, 37),
(129, 20),
(22, 13),
(19, 19),
(23, 30),
(95, 25),
(145, 20),
(117, 20),
(183, 13),
(38, 3),
(173, 82),
(22, 80),
(19, 19),
(174, 37),
(7, 20),
(15, 4),
(5, 6),
(62, 1),
(1, 80),
(26, 80),
(52, 20),
(54, 20),
(140, 20),
(60, 42),
(44, 30),
(48, 31),
(62, 13),
(120, 3),
(15, 13),
(86, 13),
(184, 20),
(68, 20),
(52, 2),
(20, 80),
(23, 30),
(87, 13),
(82, 1),
(47, 13),
(73, 29),
(25, 15),
(1, 15),
(150, 20),
(21, 76),
(8, 34),
(23, 20),
(151, 37),
(156, 37),
(117, 25),
(63, 6),
(28, 12),
(147, 74),
(10, 80),
(92, 60),
(44, 24),
(44, 30),
(45, 6),
(54, 1),
(34, 45),
(185, 30),
(70, 1),
(95, 50),
(133, 6),
(184, 13),
(155, 85),
(89, 25),
(30, 1),
(39, 9),
(20, 51),
(20, 80),
(140, 13),
(49, 25),
(21, 86),
(22, 12),
(186, 25),
(106, 25),
(15, 52),
(9, 11),
(76, 25),
(34, 80),
(121, 13),
(94, 13),
(13, 13),
(22, 91),
(21, 92),
(89, 20),
(51, 1),
(41, 90),
(48, 65),
(64, 1),
(24, 80),
(72, 42),
(47, 13),
(8, 34),
(28, 12),
(9, 6),
(33, 1),
(22, 36),
(81, 42),
(187, 20),
(56, 80),
(166, 20),
(81, 1),
(119, 9),
(88, 42),
(188, 13),
(15, 20),
(63, 20),
(32, 6),
(36, 25),
(6, 12),
(41, 90),
(24, 80),
(189, 25),
(48, 65),
(59, 6),
(1, 37),
(39, 80),
(151, 75),
(20, 51),
(93, 13),
(48, 86),
(40, 93),
(72, 20),
(34, 6),
(28, 6),
(10, 25),
(22, 17),
(183, 13),
(18, 9),
(110, 94),
(4, 13),
(30, 19),
(12, 6),
(45, 6),
(156, 3),
(21, 95),
(52, 20),
(39, 37),
(120, 37),
(156, 1),
(58, 80),
(26, 20),
(60, 29),
(113, 96),
(2, 5),
(26, 18),
(1, 97),
(60, 80),
(15, 20),
(43, 4),
(40, 96),
(1, 37),
(20, 28),
(190, 25),
(161, 98),
(59, 13),
(87, 42),
(59, 50),
(67, 80),
(22, 36),
(54, 80),
(156, 13),
(25, 80),
(6, 6),
(39, 80),
(180, 13),
(155, 13),
(92, 60),
(43, 6),
(19, 19),
(1, 20),
(116, 1),
(45, 20),
(39, 37),
(20, 6),
(14, 15),
(58, 20),
(78, 42),
(99, 20),
(76, 80),
(14, 4),
(22, 12),
(78, 80),
(18, 19),
(55, 25),
(33, 13),
(13, 3),
(151, 3),
(56, 20),
(75, 80),
(151, 75),
(30, 30),
(15, 13),
(120, 20),
(20, 2),
(34, 6),
(21, 99),
(1, 37),
(35, 6),
(80, 80),
(59, 1),
(18, 19),
(95, 61),
(34, 6),
(120, 20),
(151, 37),
(6, 14),
(106, 80),
(103, 1),
(48, 31),
(64, 80),
(86, 20),
(34, 45),
(78, 13),
(44, 19),
(19, 19),
(1, 37),
(191, 54),
(95, 1),
(192, 13),
(99, 80),
(9, 6),
(45, 20),
(89, 80),
(36, 25),
(71, 1),
(152, 6),
(13, 13),
(29, 6),
(123, 80),
(193, 100),
(181, 50),
(194, 37),
(37, 43),
(43, 4),
(13, 4),
(61, 80),
(92, 60),
(59, 6),
(9, 13),
(42, 13),
(151, 75),
(97, 20),
(13, 6),
(29, 20),
(20, 15),
(124, 80),
(17, 19),
(1, 101),
(165, 3),
(155, 13),
(111, 80),
(37, 6),
(68, 42),
(195, 6),
(150, 13),
(68, 20),
(7, 20),
(48, 4),
(41, 20),
(88, 42),
(78, 13),
(93, 13),
(43, 6),
(40, 102),
(51, 6),
(78, 42),
(15, 6),
(28, 13),
(92, 29),
(19, 9),
(178, 10),
(41, 6),
(76, 25),
(118, 80),
(33, 37),
(104, 3),
(14, 20),
(13, 13),
(196, 13),
(33, 103),
(9, 6),
(50, 20),
(10, 15),
(25, 13),
(59, 15),
(31, 1),
(92, 24),
(25, 6),
(13, 6),
(39, 9),
(90, 42),
(26, 15),
(127, 80),
(14, 101),
(68, 13),
(133, 6),
(94, 6),
(30, 19),
(39, 37),
(58, 20),
(95, 80),
(180, 13),
(197, 6),
(97, 42),
(48, 54),
(6, 18),
(169, 28),
(34, 6),
(73, 29),
(131, 103),
(169, 3),
(48, 76),
(88, 42),
(65, 13),
(22, 6),
(15, 76),
(165, 20),
(172, 37),
(101, 42),
(51, 6),
(42, 6),
(84, 3),
(92, 60),
(48, 20),
(16, 30),
(3, 20),
(39, 37),
(86, 80),
(128, 80),
(51, 6),
(13, 6),
(38, 50),
(9, 11),
(10, 15),
(92, 104),
(29, 13),
(48, 86),
(1, 19),
(72, 20),
(145, 80),
(87, 13),
(104, 1),
(198, 20),
(59, 1),
(26, 20),
(12, 11),
(75, 25),
(1, 19),
(10, 25),
(199, 42),
(23, 19),
(156, 36),
(75, 25),
(59, 15),
(50, 103),
(6, 14),
(98, 17),
(64, 1),
(41, 25),
(21, 13),
(15, 20),
(73, 3),
(1, 101),
(71, 19),
(150, 80),
(56, 105),
(19, 19),
(108, 13),
(48, 31),
(57, 20),
(3, 3),
(28, 41),
(87, 13),
(150, 50),
(47, 13),
(200, 3),
(14, 20),
(14, 4),
(22, 71),
(81, 42),
(153, 50),
(25, 20),
(56, 101),
(76, 20),
(25, 20),
(201, 54),
(56, 20),
(76, 24),
(28, 6),
(13, 6),
(120, 80),
(174, 3),
(59, 13),
(111, 66),
(68, 20),
(48, 13),
(63, 54),
(90, 42),
(20, 51),
(26, 6),
(152, 6),
(1, 15),
(31, 20),
(71, 19),
(75, 42),
(62, 13),
(95, 61),
(59, 20),
(156, 80),
(15, 6),
(8, 6),
(19, 28),
(17, 15),
(28, 6),
(48, 86),
(46, 6),
(155, 13),
(81, 13),
(133, 14),
(22, 15),
(33, 13),
(93, 20),
(43, 6),
(102, 30),
(120, 20),
(23, 19),
(111, 66),
(48, 4),
(20, 51),
(75, 50),
(31, 1),
(16, 28),
(84, 80),
(95, 61),
(111, 66),
(84, 78),
(151, 75),
(28, 13),
(30, 15),
(39, 101),
(20, 106),
(76, 42),
(179, 54),
(165, 80),
(20, 51),
(92, 60),
(99, 20),
(44, 101),
(34, 45),
(38, 29),
(111, 66),
(44, 19),
(15, 13),
(34, 45),
(1, 20),
(66, 6),
(25, 37),
(34, 91),
(152, 6),
(128, 20),
(25, 6),
(35, 6),
(150, 50),
(131, 37),
(28, 41),
(30, 19),
(35, 12),
(100, 42),
(93, 13),
(151, 75),
(37, 43),
(22, 36),
(75, 25),
(48, 86),
(85, 6),
(71, 101),
(67, 37),
(32, 6),
(94, 13),
(2, 6),
(58, 20),
(37, 43),
(33, 15),
(17, 19),
(30, 20),
(172, 37),
(10, 25),
(25, 13),
(63, 54),
(47, 76),
(12, 16),
(13, 6),
(202, 30),
(21, 107),
(75, 25),
(71, 30),
(132, 20),
(3, 20),
(28, 13),
(2, 6),
(22, 36),
(17, 76),
(2, 14),
(53, 6),
(13, 13),
(203, 29),
(25, 13),
(42, 6),
(157, 3),
(61, 20),
(19, 28),
(19, 11),
(164, 42),
(88, 57),
(123, 37),
(92, 42),
(15, 52),
(31, 30),
(26, 25),
(81, 20),
(74, 13),
(9, 6),
(199, 42),
(19, 19),
(23, 20),
(58, 13),
(21, 76),
(22, 91),
(36, 6),
(49, 25),
(13, 20),
(8, 6),
(25, 6),
(62, 13),
(52, 6),
(2, 6),
(49, 19),
(163, 24),
(84, 78),
(125, 42),
(15, 13),
(33, 17),
(42, 6),
(62, 17),
(90, 20),
(87, 20),
(98, 103),
(1, 20),
(97, 20),
(51, 6),
(37, 17),
(34, 6),
(83, 25),
(3, 20),
(2, 6),
(3, 4),
(95, 42),
(37, 43),
(54, 19),
(48, 108),
(28, 6),
(41, 90),
(197, 30),
(48, 76),
(33, 103),
(126, 109),
(17, 19),
(7, 20),
(50, 103),
(116, 13),
(83, 20),
(33, 103),
(33, 13),
(65, 20),
(116, 13),
(128, 20),
(64, 37),
(12, 11),
(37, 6),
(22, 15),
(108, 13),
(94, 6),
(25, 37),
(33, 15),
(13, 80),
(120, 80),
(20, 15),
(14, 101),
(25, 80),
(26, 25),
(52, 20),
(40, 110),
(19, 19),
(65, 20),
(93, 111),
(204, 42),
(33, 13),
(68, 101),
(75, 112),
(52, 20),
(75, 25),
(62, 6),
(41, 20),
(25, 20),
(54, 101),
(111, 25),
(76, 25),
(15, 6),
(118, 113),
(94, 54),
(22, 91),
(35, 30),
(159, 42),
(107, 63),
(9, 11),
(84, 20),
(85, 6),
(102, 114),
(151, 75),
(88, 57),
(42, 13),
(28, 6),
(63, 6),
(35, 6),
(41, 20),
(9, 6),
(115, 42),
(49, 25),
(13, 16),
(95, 25),
(58, 6),
(89, 20),
(15, 13),
(19, 101),
(158, 50),
(35, 16),
(13, 76),
(203, 114),
(50, 20),
(141, 115),
(48, 86),
(139, 3),
(56, 20),
(63, 13),
(20, 71),
(94, 3),
(162, 16),
(100, 87),
(13, 37),
(80, 37),
(66, 42),
(93, 2),
(195, 6),
(58, 20),
(5, 101),
(12, 11),
(151, 3),
(20, 106),
(5, 101),
(62, 12),
(30, 19),
(46, 9),
(20, 81),
(1, 80),
(12, 6),
(21, 95),
(25, 6),
(30, 15),
(26, 6),
(54, 19),
(156, 36),
(164, 42),
(175, 37),
(20, 51),
(9, 13),
(39, 80),
(19, 19),
(51, 6),
(25, 13),
(64, 19),
(54, 37),
(194, 25),
(62, 13),
(6, 14),
(2, 14),
(14, 4),
(116, 20),
(77, 20),
(1, 80),
(151, 37),
(95, 61),
(42, 6),
(34, 6),
(120, 67),
(7, 20),
(179, 114),
(18, 19),
(75, 25),
(12, 6),
(53, 6),
(20, 51),
(73, 21),
(24, 101),
(72, 116),
(111, 66),
(22, 117),
(43, 6),
(33, 3),
(71, 15),
(26, 15),
(100, 24),
(131, 9),
(29, 20),
(51, 6),
(33, 103),
(35, 3),
(170, 37),
(90, 13),
(160, 20),
(199, 42),
(74, 101),
(75, 25),
(59, 13),
(45, 83),
(39, 80),
(34, 91),
(157, 6),
(41, 25),
(14, 6),
(83, 6),
(82, 6),
(31, 48),
(13, 40),
(49, 28),
(59, 6),
(43, 14),
(139, 13),
(22, 36),
(22, 91),
(75, 25),
(92, 60),
(35, 76),
(21, 86),
(1, 18),
(202, 19),
(136, 20),
(15, 52),
(32, 6),
(18, 54),
(165, 80),
(156, 37),
(66, 2),
(25, 20),
(181, 42),
(16, 8),
(195, 6),
(14, 17),
(19, 19),
(78, 13),
(169, 28),
(86, 20),
(81, 20),
(43, 6),
(92, 42),
(28, 6),
(53, 12),
(50, 20),
(95, 25),
(26, 20),
(34, 45),
(79, 13),
(5, 101),
(75, 42),
(166, 20),
(39, 3),
(6, 14),
(15, 6),
(94, 6),
(13, 40),
(14, 20),
(8, 34),
(82, 20),
(197, 6),
(78, 20),
(146, 20),
(48, 20),
(27, 101),
(76, 20),
(181, 25),
(8, 34),
(5, 101),
(51, 13),
(78, 13),
(14, 20),
(156, 36),
(156, 13),
(95, 61),
(60, 114),
(8, 106),
(31, 30),
(35, 76),
(56, 105),
(95, 61),
(127, 25),
(66, 6),
(68, 20),
(13, 40),
(165, 20),
(52, 2),
(130, 101),
(20, 81),
(88, 13),
(85, 6),
(134, 9),
(164, 20),
(26, 15),
(10, 25),
(52, 6),
(177, 118),
(1, 101),
(80, 13),
(34, 76),
(68, 20),
(86, 42),
(57, 20),
(95, 25),
(1, 101),
(84, 80),
(127, 20),
(111, 66),
(44, 19),
(59, 6),
(63, 13),
(85, 3),
(35, 12),
(13, 40),
(8, 6),
(63, 20),
(2, 119),
(16, 30),
(48, 13),
(56, 20),
(20, 51),
(25, 6),
(99, 13),
(42, 76),
(1, 80),
(13, 101),
(24, 9),
(133, 6),
(98, 17),
(97, 42),
(25, 101),
(30, 20),
(205, 25),
(164, 42),
(22, 13),
(39, 3),
(104, 24),
(10, 12),
(1, 15),
(2, 6),
(9, 3),
(76, 20),
(25, 18),
(139, 13),
(12, 6),
(87, 20),
(25, 13),
(3, 20),
(102, 114),
(20, 71),
(1, 20),
(10, 76),
(52, 6),
(19, 11),
(116, 13),
(21, 76),
(19, 101),
(64, 19),
(100, 64),
(189, 42),
(10, 25),
(66, 20),
(1, 80),
(11, 8),
(23, 20),
(37, 6),
(106, 6),
(117, 50),
(92, 60),
(48, 95),
(162, 120),
(105, 20),
(58, 6),
(179, 114),
(136, 89),
(14, 121),
(93, 13),
(52, 106),
(180, 13),
(26, 101),
(68, 20),
(25, 6),
(48, 48),
(36, 20),
(33, 37),
(117, 50),
(75, 20),
(22, 36),
(75, 20),
(92, 104),
(17, 16),
(80, 13),
(87, 6),
(42, 6),
(6, 18),
(72, 20),
(115, 20),
(61, 20),
(118, 68),
(162, 37),
(13, 4),
(71, 15),
(127, 25),
(58, 20),
(143, 122),
(43, 4),
(46, 37),
(2, 3),
(37, 25),
(83, 20),
(112, 20),
(119, 54),
(188, 109),
(51, 12),
(62, 6),
(131, 9),
(95, 25),
(44, 19),
(85, 6),
(53, 6),
(35, 6),
(114, 20),
(7, 20),
(21, 95),
(17, 44),
(41, 6),
(111, 66),
(10, 71),
(48, 86),
(49, 25),
(21, 92),
(133, 76),
(1, 101),
(51, 6),
(110, 37),
(93, 111),
(161, 6),
(59, 15),
(20, 51),
(37, 2),
(49, 83),
(93, 111),
(46, 6),
(20, 28),
(173, 13),
(22, 13),
(20, 51),
(14, 4),
(155, 13),
(107, 63),
(51, 6),
(45, 20),
(120, 67),
(205, 25),
(48, 20),
(204, 42),
(32, 24),
(59, 20),
(64, 9),
(110, 101),
(63, 76),
(41, 15),
(37, 17),
(106, 6),
(135, 20),
(131, 103),
(28, 6),
(200, 20),
(37, 43),
(63, 6),
(54, 37),
(187, 20),
(29, 4),
(160, 123),
(66, 6),
(79, 20),
(66, 20),
(89, 25),
(48, 31),
(5, 101),
(2, 6),
(72, 6),
(80, 15),
(170, 101),
(39, 80),
(37, 43),
(56, 20),
(13, 6),
(23, 3),
(54, 20),
(37, 76),
(54, 80),
(178, 37),
(144, 20),
(14, 119),
(22, 12),
(43, 14),
(10, 25),
(98, 103),
(131, 9),
(53, 6),
(68, 2),
(81, 20),
(5, 80),
(30, 20),
(100, 2),
(42, 4),
(23, 20),
(50, 2),
(84, 20),
(132, 20),
(15, 6),
(3, 25),
(23, 19),
(29, 20),
(72, 20),
(14, 101),
(6, 14),
(9, 13),
(35, 30),
(30, 15),
(134, 9),
(49, 19),
(6, 9),
(88, 57),
(179, 54),
(57, 9),
(1, 18),
(19, 101),
(1, 97),
(123, 80),
(15, 6),
(25, 18),
(1, 18),
(28, 6),
(31, 20),
(10, 14),
(22, 13),
(39, 80),
(28, 12),
(22, 101),
(126, 20),
(50, 103),
(141, 115),
(99, 20),
(12, 6),
(71, 19),
(20, 101),
(173, 82),
(22, 6),
(153, 20),
(17, 76),
(56, 25),
(49, 28),
(142, 20),
(13, 13),
(120, 26),
(87, 106),
(51, 18),
(54, 20),
(110, 19),
(21, 13),
(19, 101),
(25, 4),
(51, 44),
(41, 20),
(119, 9),
(20, 51),
(36, 20),
(14, 6),
(170, 37),
(67, 80),
(93, 6),
(55, 42),
(51, 6),
(35, 30),
(120, 26),
(52, 20),
(17, 19),
(1, 18),
(28, 41),
(23, 20),
(41, 2),
(77, 20),
(76, 2),
(92, 60),
(3, 25),
(159, 20),
(140, 20),
(108, 13),
(87, 20),
(122, 20),
(8, 34),
(17, 76),
(71, 19),
(164, 13),
(58, 6),
(23, 30),
(78, 20),
(59, 20),
(92, 29),
(121, 20),
(129, 20),
(61, 2),
(119, 103),
(157, 6),
(49, 19),
(17, 26),
(172, 13),
(165, 20),
(164, 20),
(26, 6),
(1, 20),
(120, 37),
(136, 20),
(52, 6),
(59, 20),
(20, 71),
(68, 6),
(157, 6),
(48, 86),
(74, 114),
(161, 98),
(23, 19),
(68, 106),
(54, 20),
(120, 6),
(134, 6),
(37, 17),
(90, 20),
(55, 25),
(50, 20),
(62, 6),
(157, 4),
(29, 13),
(145, 20),
(83, 20),
(128, 20),
(37, 25),
(101, 20),
(32, 6),
(33, 103),
(57, 15),
(119, 103),
(97, 20),
(21, 92),
(128, 20),
(82, 124),
(51, 3),
(13, 6),
(21, 92),
(30, 20),
(23, 20),
(64, 80),
(85, 12),
(61, 20),
(15, 20),
(55, 21),
(104, 20),
(66, 6),
(57, 6),
(24, 80),
(48, 54),
(119, 9),
(52, 13),
(59, 20),
(114, 109),
(21, 95),
(21, 99),
(62, 12),
(1, 101),
(71, 19),
(28, 3),
(43, 14),
(27, 101),
(80, 80),
(26, 15),
(134, 84),
(13, 6),
(152, 125),
(1, 97),
(151, 75),
(163, 9),
(35, 12),
(45, 6),
(100, 64),
(71, 15),
(46, 6),
(79, 20),
(179, 23),
(34, 101),
(33, 17),
(17, 101),
(86, 20),
(32, 11),
(94, 6),
(59, 20),
(21, 95),
(22, 6),
(116, 20),
(15, 76),
(179, 54),
(202, 19),
(58, 20),
(26, 25),
(32, 24),
(13, 16),
(16, 30),
(93, 20),
(25, 80),
(33, 103),
(75, 21),
(206, 19),
(59, 15),
(90, 20),
(82, 6),
(134, 6),
(37, 17),
(133, 6),
(76, 20),
(93, 20),
(102, 114),
(33, 103),
(18, 54),
(94, 3),
(95, 42),
(195, 6),
(66, 20),
(88, 57),
(15, 20),
(8, 126),
(33, 103),
(20, 119),
(48, 95),
(41, 25),
(107, 63),
(134, 9),
(102, 114),
(120, 20),
(88, 106),
(10, 71),
(25, 20),
(23, 30),
(13, 101),
(20, 6),
(66, 6),
(24, 80),
(67, 101),
(197, 6),
(30, 11),
(25, 4),
(39, 101),
(6, 18),
(9, 6),
(24, 80),
(95, 25),
(7, 20),
(127, 20),
(37, 12),
(146, 20),
(13, 80),
(118, 13),
(76, 6),
(55, 15),
(56, 105),
(44, 127),
(63, 76),
(1, 101),
(112, 20),
(9, 6),
(81, 6),
(75, 42),
(2, 5),
(78, 20),
(154, 20),
(134, 9),
(47, 76),
(55, 25),
(63, 76),
(68, 20),
(93, 6),
(34, 101),
(176, 16),
(184, 20),
(22, 12),
(207, 114),
(20, 51),
(94, 13),
(95, 61),
(52, 6),
(201, 114),
(89, 20),
(57, 20),
(34, 6),
(51, 6),
(161, 9),
(150, 20),
(152, 76),
(42, 6),
(34, 6),
(52, 76),
(25, 4),
(29, 13),
(25, 101),
(95, 61),
(59, 15),
(92, 60),
(101, 20),
(15, 52),
(55, 17),
(48, 108),
(27, 101),
(107, 63),
(98, 15),
(13, 76),
(57, 15),
(56, 25),
(102, 41),
(147, 74),
(143, 20),
(10, 117),
(82, 20),
(114, 20),
(5, 80),
(134, 84),
(72, 20),
(160, 20),
(92, 68),
(14, 6),
(47, 76),
(24, 18),
(106, 128),
(62, 6),
(11, 10),
(37, 6),
(58, 6),
(133, 6),
(155, 85),
(125, 42),
(54, 101),
(90, 6),
(64, 80),
(1, 120),
(38, 41),
(75, 106),
(66, 24),
(8, 6),
(36, 3),
(85, 11),
(24, 80),
(15, 20),
(48, 86),
(131, 103),
(142, 129),
(157, 92),
(17, 19),
(115, 20),
(89, 20),
(157, 92),
(50, 103),
(21, 38),
(10, 25),
(134, 9),
(20, 71),
(50, 54),
(51, 101),
(61, 20),
(98, 13),
(24, 101),
(152, 6),
(48, 13),
(8, 126),
(105, 20),
(97, 42),
(95, 61),
(159, 42),
(157, 6),
(45, 6),
(144, 20),
(158, 6),
(45, 83),
(151, 75),
(49, 25),
(60, 114),
(135, 20),
(81, 2),
(201, 9),
(90, 2),
(99, 20),
(50, 13),
(100, 64),
(199, 91),
(57, 20),
(41, 25),
(58, 2),
(12, 6),
(71, 15),
(195, 6),
(33, 3),
(202, 19),
(44, 21),
(110, 30),
(127, 25),
(15, 20),
(3, 4),
(41, 17),
(17, 3),
(37, 106),
(117, 20),
(92, 104),
(23, 19),
(109, 20),
(59, 6),
(106, 6),
(22, 6),
(165, 80),
(88, 57),
(116, 20),
(81, 20),
(13, 16),
(19, 101),
(22, 101),
(19, 19),
(64, 19),
(76, 106),
(50, 103),
(30, 11),
(33, 103),
(46, 98),
(66, 6),
(77, 109),
(19, 19),
(57, 6),
(41, 6),
(111, 25),
(21, 95),
(197, 6),
(203, 130),
(121, 20),
(12, 6),
(87, 20),
(21, 131),
(85, 12),
(31, 101),
(8, 101),
(25, 40),
(38, 29),
(120, 3),
(35, 6),
(40, 110),
(71, 19),
(41, 15),
(25, 101),
(13, 40),
(51, 18),
(36, 11),
(17, 19),
(127, 42),
(75, 91),
(118, 68),
(164, 42),
(41, 76),
(95, 2),
(120, 80),
(100, 87),
(83, 6),
(135, 20),
(153, 20),
(112, 13),
(36, 6),
(161, 6),
(98, 15),
(23, 19),
(28, 13),
(80, 13),
(120, 6),
(88, 6),
(111, 132),
(76, 24),
(34, 101),
(159, 20),
(92, 42),
(108, 106),
(55, 15),
(51, 44),
(1, 3),
(23, 101),
(119, 9),
(13, 16),
(41, 101),
(83, 20),
(83, 133),
(126, 20),
(89, 6),
(44, 101),
(33, 103),
(98, 15),
(59, 11),
(85, 11),
(39, 101),
(200, 3),
(90, 20),
(20, 6),
(37, 92),
(122, 20),
(66, 6),
(22, 91),
(93, 20),
(48, 13),
(73, 29),
(163, 6),
(176, 13),
(25, 4),
(94, 6),
(59, 101),
(131, 9),
(9, 6),
(71, 19),
(88, 2),
(140, 20),
(82, 20),
(109, 134),
(26, 6),
(152, 6),
(97, 13),
(15, 52),
(43, 6),
(52, 13),
(48, 86),
(62, 76),
(20, 71),
(129, 20),
(129, 25),
(109, 20),
(145, 20),
(77, 20),
(15, 52),
(142, 20),
(93, 6),
(101, 135),
(8, 101),
(51, 6),
(131, 17),
(99, 6),
(73, 71),
(19, 19),
(98, 103),
(131, 9),
(1, 97),
(38, 120),
(31, 101),
(84, 20),
(164, 106),
(37, 92),
(60, 101),
(197, 76),
(22, 71),
(126, 109),
(52, 6),
(148, 6),
(44, 30),
(128, 20),
(19, 101),
(17, 19),
(1, 18),
(13, 76),
(80, 15),
(80, 103),
(46, 98),
(201, 9),
(82, 124),
(186, 25),
(114, 106),
(77, 2),
(52, 13),
(128, 2),
(101, 20),
(33, 103),
(64, 19),
(12, 6),
(29, 6),
(54, 101),
(20, 51),
(177, 25),
(111, 66),
(26, 119),
(10, 117),
(154, 20),
(97, 20),
(93, 2),
(112, 20),
(59, 6),
(1, 3),
(1, 30),
(12, 3),
(9, 6),
(120, 67),
(41, 6),
(184, 20),
(202, 19),
(136, 20),
(14, 14),
(132, 20),
(132, 2),
(132, 20),
(97, 20),
(15, 52),
(93, 6),
(48, 4),
(40, 136),
(206, 19),
(25, 6),
(57, 20),
(162, 78),
(178, 10),
(87, 6),
(21, 131),
(60, 114),
(141, 6),
(66, 11),
(181, 42),
(114, 109),
(25, 20),
(62, 13),
(1, 101),
(28, 6),
(157, 6),
(13, 6),
(71, 101),
(54, 101),
(21, 76),
(116, 106),
(173, 82),
(66, 24),
(22, 101),
(77, 20),
(44, 101),
(19, 19),
(3, 4),
(1, 97),
(31, 83),
(157, 3),
(11, 19),
(13, 17),
(71, 19),
(45, 3),
(26, 6),
(159, 13),
(107, 63),
(51, 6),
(19, 19),
(94, 13),
(98, 103),
(1, 101),
(119, 54),
(35, 12),
(46, 6),
(207, 10),
(195, 6),
(95, 61),
(147, 74),
(160, 20),
(136, 20),
(14, 6),
(49, 19),
(117, 16),
(66, 13),
(22, 71),
(118, 68),
(59, 17),
(13, 6),
(71, 15),
(29, 13),
(201, 54),
(100, 6),
(143, 20),
(106, 76),
(116, 20),
(114, 20),
(89, 20),
(43, 14),
(118, 13),
(79, 76),
(107, 2),
(161, 6),
(6, 9),
(80, 15),
(29, 6),
(24, 18),
(102, 41),
(151, 3),
(105, 20),
(202, 19),
(202, 11),
(58, 13),
(37, 119),
(37, 17),
(26, 101),
(76, 6),
(34, 6),
(155, 85),
(106, 6),
(22, 17),
(75, 21),
(55, 15),
(25, 18),
(33, 4),
(42, 4),
(94, 54),
(62, 6),
(59, 17),
(69, 13),
(65, 13),
(164, 20),
(115, 106),
(50, 101),
(78, 21),
(135, 2),
(44, 101),
(73, 71),
(94, 6),
(57, 20),
(59, 4),
(119, 9),
(150, 20),
(58, 6),
(58, 137),
(37, 12),
(37, 4),
(66, 15),
(128, 20),
(128, 25),
(40, 138),
(5, 101),
(17, 19),
(131, 103),
(1, 101),
(71, 19),
(24, 18),
(127, 20),
(14, 101),
(92, 68),
(181, 25),
(22, 17),
(78, 6),
(68, 101),
(93, 6),
(8, 6),
(32, 24),
(51, 6),
(27, 101),
(42, 6),
(63, 101),
(28, 101),
(120, 20),
(41, 25),
(41, 119),
(72, 2),
(122, 42),
(44, 101),
(48, 4),
(128, 20),
(167, 6),
(55, 4),
(6, 18),
(17, 101),
(63, 13),
(13, 101),
(54, 20),
(20, 71),
(72, 67),
(14, 4),
(21, 131),
(21, 76),
(68, 13),
(68, 6),
(135, 20),
(43, 4),
(52, 101),
(40, 110),
(42, 6),
(161, 6),
(98, 103),
(131, 103),
(131, 9),
(28, 6),
(191, 139),
(16, 30),
(56, 105),
(20, 6),
(95, 42),
(82, 20),
(49, 101),
(66, 6),
(43, 4),
(64, 3),
(23, 19),
(12, 6),
(29, 20),
(70, 101),
(24, 18),
(165, 3),
(56, 101),
(95, 106),
(82, 6),
(34, 91),
(112, 20),
(55, 15),
(25, 13),
(62, 101),
(35, 54),
(86, 20),
(109, 20),
(14, 25),
(133, 6),
(68, 76),
(44, 71),
(79, 6),
(179, 54),
(36, 20),
(18, 3),
(80, 15),
(54, 19),
(115, 20),
(127, 20),
(58, 101),
(60, 29),
(133, 76),
(114, 20),
(146, 20),
(81, 6),
(91, 19),
(51, 101),
(176, 114),
(98, 15),
(1, 101),
(54, 101),
(20, 14),
(14, 101),
(14, 25),
(143, 2),
(146, 20),
(183, 2),
(52, 6),
(1, 19),
(23, 101),
(156, 106),
(115, 20),
(105, 20),
(127, 106),
(72, 15),
(34, 6),
(49, 101),
(22, 13),
(108, 140),
(15, 52),
(81, 6),
(44, 127),
(79, 101),
(206, 19),
(62, 101),
(131, 9),
(131, 17),
(18, 19),
(2, 5),
(31, 97),
(54, 19),
(96, 114),
(39, 101),
(39, 18),
(111, 2),
(76, 6),
(189, 25),
(22, 71),
(126, 20),
(48, 4),
(40, 141),
(25, 20),
(6, 14),
(98, 103),
(1, 19),
(13, 76),
(207, 10),
(24, 101),
(95, 6),
(121, 142),
(14, 20),
(159, 106),
(77, 106),
(97, 2),
(93, 83),
(75, 119),
(118, 68),
(19, 11),
(179, 114),
(98, 13),
(17, 29),
(17, 101),
(38, 120),
(71, 101),
(207, 10),
(24, 101),
(87, 6),
(41, 15),
(127, 2),
(37, 143),
(136, 106),
(122, 20),
(60, 29),
(66, 101),
(92, 68),
(181, 42),
(68, 101),
(93, 83),
(91, 19),
(42, 13),
(36, 20),
(59, 17),
(131, 9),
(1, 120),
(71, 101),
(24, 101),
(96, 114),
(120, 67),
(86, 20),
(144, 20),
(129, 20),
(76, 24),
(14, 6),
(60, 101),
(66, 15),
(22, 91),
(78, 119),
(142, 20),
(40, 136),
(25, 20),
(25, 6),
(59, 101),
(64, 19),
(28, 13),
(67, 101),
(178, 10),
(100, 87),
(159, 20),
(22, 91),
(83, 76),
(44, 30),
(206, 11),
(6, 9),
(64, 19),
(134, 9),
(9, 4),
(13, 101),
(46, 9),
(207, 10),
(138, 101),
(39, 101),
(103, 101),
(129, 20),
(121, 20),
(152, 6),
(49, 19),
(10, 71),
(92, 106),
(22, 13),
(153, 20),
(99, 2),
(44, 12),
(128, 101),
(51, 18),
(25, 13),
(59, 15),
(59, 16),
(13, 6),
(80, 101),
(61, 119),
(106, 6),
(117, 20),
(52, 13),
(48, 95),
(51, 44),
(17, 101),
(23, 19),
(30, 19),
(31, 83),
(80, 101),
(54, 101),
(109, 6),
(133, 6),
(117, 20),
(159, 20),
(66, 15),
(68, 6),
(25, 6),
(161, 6),
(59, 13),
(69, 101),
(1, 30),
(157, 4),
(134, 84),
(35, 6),
(70, 101),
(191, 54),
(96, 101),
(87, 101),
(76, 101),
(145, 20),
(14, 4),
(60, 114),
(66, 91),
(78, 13),
(142, 20),
(126, 20),
(148, 21),
(6, 14),
(98, 13),
(131, 103),
(63, 4),
(31, 83),
(13, 13),
(138, 101),
(67, 101),
(140, 20),
(58, 76),
(37, 6),
(145, 20),
(122, 20),
(166, 20),
(197, 144),
(23, 19),
(172, 41),
(134, 84),
(39, 9),
(39, 15),
(178, 10),
(82, 2),
(26, 4),
(121, 20),
(83, 25),
(68, 13),
(81, 11),
(93, 101),
(153, 20),
(176, 114),
(19, 15),
(98, 103),
(29, 6),
(24, 101),
(90, 6),
(41, 25),
(184, 20),
(140, 20),
(58, 6),
(79, 101),
(8, 6),
(51, 12),
(25, 20),
(59, 6),
(64, 48),
(1, 30),
(38, 120),
(80, 103),
(76, 24),
(21, 131),
(10, 25),
(173, 82),
(93, 13),
(79, 6),
(51, 13),
(51, 18),
(62, 101),
(59, 4),
(69, 13),
(63, 13),
(1, 120),
(85, 30),
(184, 20),
(180, 13),
(21, 76),
(10, 76),
(154, 20),
(75, 101),
(74, 114),
(5, 13),
(179, 54),
(42, 76),
(59, 4),
(131, 17),
(35, 6),
(84, 145),
(50, 13),
(100, 101),
(152, 6),
(189, 42),
(14, 6),
(91, 19),
(199, 91),
(74, 4),
(33, 15),
(161, 6),
(23, 21),
(31, 101),
(13, 13),
(71, 101),
(168, 6),
(156, 36),
(147, 74),
(140, 106),
(125, 6),
(181, 101),
(75, 91),
(167, 24),
(55, 4),
(161, 98),
(69, 13),
(1, 30),
(119, 103),
(120, 20),
(150, 20),
(147, 74),
(76, 101),
(76, 2),
(141, 6),
(66, 6),
(92, 119),
(83, 101),
(93, 12),
(8, 6),
(161, 101),
(1, 30),
(30, 19),
(102, 41),
(136, 2),
(155, 85),
(64, 19),
(63, 4),
(1, 30),
(172, 101),
(39, 9),
(156, 106),
(20, 101),
(72, 101),
(72, 67),
(37, 2),
(136, 6),
(21, 131),
(44, 71),
(32, 24),
(25, 4),
(33, 103),
(42, 6),
(57, 20),
(64, 19),
(30, 19),
(31, 97),
(46, 9),
(170, 101),
(120, 20),
(105, 2),
(20, 14),
(76, 25),
(100, 2),
(14, 25),
(21, 146),
(10, 14),
(83, 101),
(81, 101),
(75, 91),
(199, 91),
(51, 101),
(19, 19),
(30, 20),
(172, 13),
(12, 23),
(158, 101),
(71, 101),
(24, 9),
(170, 101),
(120, 20),
(151, 75),
(156, 36),
(160, 6),
(143, 106),
(60, 101),
(106, 101),
(66, 6),
(22, 6),
(93, 6),
(99, 6),
(98, 15),
(59, 6),
(63, 101),
(38, 29),
(172, 101),
(9, 11),
(80, 13),
(80, 103),
(54, 101),
(41, 48),
(88, 6),
(37, 6),
(26, 25),
(76, 76),
(34, 91),
(132, 101),
(93, 111),
(93, 15),
(42, 4),
(131, 9),
(63, 4),
(41, 15),
(37, 25),
(26, 14),
(61, 2),
(66, 91),
(22, 36),
(15, 52),
(52, 4),
(128, 106),
(74, 101),
(23, 97),
(30, 147),
(30, 19),
(13, 16),
(71, 30),
(138, 101),
(195, 11),
(150, 20),
(41, 148),
(88, 6),
(82, 6),
(34, 91),
(166, 20),
(60, 29),
(155, 85),
(48, 95),
(33, 4),
(33, 103),
(27, 101),
(94, 4),
(62, 12),
(65, 147),
(80, 103),
(96, 101),
(39, 101),
(87, 13),
(109, 2),
(10, 117),
(133, 6),
(141, 6),
(106, 149),
(154, 20),
(44, 19),
(32, 6),
(25, 6),
(57, 101),
(131, 103),
(31, 97),
(90, 76),
(86, 21),
(173, 82),
(68, 2),
(99, 101),
(101, 101),
(55, 150),
(19, 15),
(23, 19),
(85, 11),
(172, 41),
(31, 48),
(39, 9),
(111, 106),
(37, 12),
(34, 45),
(22, 91),
(142, 2),
(93, 13),
(89, 101),
(190, 25),
(52, 101),
(48, 13),
(79, 13),
(55, 17),
(85, 12),
(53, 24),
(151, 67),
(37, 12),
(136, 91),
(136, 101),
(143, 101),
(22, 91),
(68, 6),
(40, 110),
(19, 19),
(42, 4),
(59, 101),
(85, 12),
(162, 16),
(56, 4),
(58, 15),
(116, 101),
(66, 13),
(52, 13),
(9, 4),
(53, 12),
(120, 76),
(165, 20),
(86, 101),
(87, 119),
(49, 71),
(106, 25),
(77, 101),
(15, 52),
(19, 101),
(18, 19),
(31, 20),
(70, 101),
(72, 67),
(50, 2),
(34, 91),
(135, 101),
(167, 6),
(19, 19),
(42, 4),
(6, 18),
(64, 41),
(1, 101),
(30, 30),
(13, 6),
(95, 2),
(37, 14),
(44, 101),
(48, 20),
(101, 83),
(91, 101),
(55, 4),
(30, 11),
(24, 9),
(151, 75),
(82, 101),
(58, 6),
(155, 106),
(75, 25),
(8, 6),
(94, 6),
(62, 76),
(191, 54),
(110, 101),
(151, 75),
(88, 101),
(66, 151),
(148, 6),
(28, 13),
(119, 44),
(123, 101),
(90, 101),
(20, 6),
(75, 44),
(89, 6),
(44, 19),
(118, 6),
(79, 6),
(85, 12),
(30, 11),
(87, 15),
(41, 25),
(20, 51),
(88, 76),
(34, 91),
(114, 152),
(81, 13),
(176, 101),
(161, 6),
(6, 14),
(30, 19),
(119, 103),
(31, 101),
(13, 76),
(37, 92),
(14, 6),
(66, 24),
(25, 4),
(57, 101),
(62, 101),
(1, 101),
(100, 13),
(14, 101),
(22, 12),
(83, 153),
(99, 76),
(190, 84),
(32, 11),
(51, 12),
(3, 25),
(168, 76),
(90, 13),
(26, 154),
(76, 6),
(136, 91),
(14, 20),
(66, 91),
(108, 140),
(89, 76),
(33, 4),
(30, 20),
(45, 6),
(164, 17),
(26, 20),
(100, 76),
(78, 6),
(32, 6),
(33, 103),
(1, 97),
(38, 120),
(30, 97),
(119, 9),
(12, 11),
(110, 101),
(95, 6),
(76, 24),
(145, 155),
(100, 6),
(14, 4),
(49, 19),
(92, 156),
(183, 101),
(75, 101),
(153, 101),
(25, 13),
(1, 101),
(1, 20),
(23, 101),
(119, 103),
(71, 101),
(45, 6),
(201, 114),
(180, 106),
(106, 6),
(83, 153),
(89, 101),
(91, 92),
(73, 71),
(73, 3),
(62, 13),
(62, 76),
(59, 6),
(59, 101),
(23, 20),
(82, 6),
(166, 20),
(81, 6),
(148, 21),
(101, 101),
(124, 101),
(57, 6),
(161, 98),
(161, 101),
(17, 76),
(63, 20),
(1, 101),
(156, 13),
(127, 101),
(50, 103),
(14, 6),
(133, 14),
(106, 149),
(66, 15),
(114, 2),
(153, 2),
(51, 12),
(31, 48),
(115, 101),
(72, 67),
(49, 71),
(78, 76),
(68, 13),
(48, 13),
(137, 19),
(199, 91),
(57, 20),
(59, 11),
(1, 97),
(1, 101),
(13, 6),
(123, 101),
(102, 30),
(156, 36),
(87, 15),
(105, 101),
(22, 101),
(81, 6),
(81, 13),
(36, 11),
(62, 101),
(103, 101),
(182, 29),
(20, 51),
(20, 101),
(208, 6),
(100, 13),
(21, 146),
(60, 29),
(68, 101),
(112, 151),
(209, 101),
(130, 101),
(51, 12),
(28, 6),
(119, 103),
(158, 101),
(100, 6),
(21, 95),
(141, 6),
(114, 101),
(44, 19),
(59, 20),
(59, 11),
(17, 19),
(69, 13),
(23, 30),
(162, 120),
(162, 16),
(203, 29),
(82, 6),
(50, 4),
(47, 13),
(81, 4),
(52, 6),
(52, 4),
(91, 101),
(32, 6),
(36, 6),
(23, 20),
(9, 11),
(207, 114),
(20, 14),
(95, 101),
(202, 19),
(49, 71),
(116, 17),
(97, 157),
(8, 101),
(210, 24),
(1, 97),
(165, 20),
(41, 76),
(20, 14),
(34, 91),
(92, 24),
(22, 91),
(99, 6),
(148, 101),
(176, 114),
(57, 9),
(1, 20),
(30, 97),
(9, 11),
(104, 92),
(180, 101),
(82, 101),
(37, 92),
(61, 6),
(108, 2),
(190, 101),
(51, 6),
(19, 16),
(33, 4),
(42, 13),
(161, 101),
(13, 6),
(71, 101),
(207, 114),
(87, 101),
(82, 18),
(26, 6),
(49, 71),
(21, 146),
(141, 101),
(108, 158),
(81, 91),
(153, 106),
(126, 2),
(25, 6),
(62, 6),
(1, 101),
(18, 19),
(2, 5),
(156, 13),
(95, 11),
(95, 119),
(15, 52),
(163, 24),
(51, 12),
(57, 98),
(28, 32),
(18, 9),
(9, 4),
(200, 20),
(109, 6),
(121, 101),
(10, 117),
(93, 6),
(107, 2),
(211, 91),
(25, 20),
(12, 12),
(65, 4),
(13, 20),
(207, 101),
(24, 9),
(20, 71),
(109, 101),
(26, 4),
(75, 159),
(101, 135),
(199, 101),
(32, 11),
(33, 103),
(23, 20),
(157, 4),
(201, 101),
(151, 75),
(90, 6),
(106, 14),
(117, 101),
(116, 101),
(83, 101),
(99, 13),
(40, 136),
(206, 19),
(199, 91),
(33, 103),
(62, 13),
(131, 9),
(63, 101),
(71, 30),
(54, 101),
(151, 67),
(192, 158),
(14, 20),
(47, 13),
(146, 160),
(40, 110),
(25, 13),
(33, 103),
(36, 6),
(57, 101),
(59, 20),
(85, 12),
(38, 120),
(65, 4),
(71, 19),
(120, 6),
(144, 101),
(56, 101),
(20, 119),
(26, 101),
(152, 125),
(149, 2),
(81, 2),
(99, 6),
(94, 4),
(57, 98),
(98, 103),
(28, 6),
(12, 11),
(12, 24),
(46, 6),
(203, 29),
(41, 148),
(95, 2),
(58, 4),
(37, 6),
(122, 101),
(14, 25),
(49, 101),
(48, 76),
(79, 101),
(206, 19),
(98, 103),
(31, 97),
(35, 76),
(50, 103),
(116, 21),
(22, 91),
(63, 54),
(46, 9),
(46, 101),
(24, 9),
(151, 75),
(169, 161),
(208, 101),
(22, 117),
(114, 103),
(81, 15),
(33, 4),
(1, 120),
(102, 114),
(208, 41),
(58, 2),
(76, 24),
(145, 101),
(34, 101),
(132, 162),
(159, 101),
(52, 163),
(79, 6),
(206, 19),
(8, 34),
(19, 19),
(33, 103),
(119, 44),
(41, 6),
(72, 6),
(61, 13),
(159, 2),
(118, 101),
(94, 4),
(36, 17),
(131, 9),
(1, 18),
(165, 13),
(88, 13),
(136, 91),
(10, 164),
(173, 165),
(114, 166),
(55, 4),
(176, 101),
(62, 12),
(59, 6),
(129, 101),
(160, 6),
(50, 103),
(50, 101),
(21, 12),
(22, 117),
(154, 101),
(126, 101),
(30, 19),
(95, 101),
(177, 101),
(34, 91),
(196, 42),
(124, 101),
(74, 13),
(176, 101),
(25, 101),
(33, 103),
(131, 103),
(119, 54),
(53, 12),
(71, 101),
(140, 101),
(26, 4),
(149, 101),
(22, 36),
(108, 84),
(52, 4),
(40, 110),
(40, 136),
(163, 6),
(57, 9),
(1, 18),
(158, 6),
(54, 101),
(82, 124),
(26, 25),
(50, 103),
(141, 6),
(73, 29),
(79, 4),
(5, 13),
(169, 13),
(150, 109),
(26, 167),
(61, 101),
(66, 11),
(92, 29),
(33, 13),
(131, 103),
(31, 97),
(175, 101),
(164, 17),
(150, 158),
(184, 101),
(95, 119),
(37, 43),
(26, 14),
(50, 20),
(100, 6),
(78, 15),
(15, 52),
(89, 6),
(52, 20),
(204, 24),
(73, 71),
(94, 4),
(59, 20),
(23, 97),
(158, 84),
(102, 114),
(76, 6),
(75, 91),
(44, 12),
(48, 20),
(8, 101),
(74, 101),
(51, 6),
(59, 6),
(1, 19),
(38, 120),
(53, 24),
(35, 6),
(120, 20),
(156, 36),
(87, 15),
(37, 17),
(189, 101),
(14, 20),
(75, 101),
(25, 101),
(94, 6),
(131, 17),
(90, 2),
(37, 14),
(160, 21),
(14, 14),
(143, 2),
(66, 6),
(22, 13),
(68, 13),
(148, 6),
(27, 101),
(94, 4),
(63, 6),
(119, 120),
(80, 101),
(24, 101),
(178, 10),
(58, 101),
(73, 3),
(40, 136),
(74, 101),
(19, 28),
(85, 30),
(144, 101),
(41, 4),
(41, 48),
(56, 25),
(76, 6),
(153, 101),
(89, 168),
(8, 6),
(25, 20),
(71, 101),
(191, 54),
(72, 15),
(111, 25),
(50, 4),
(155, 101),
(114, 166),
(25, 13),
(94, 54),
(172, 6),
(104, 169),
(41, 20),
(88, 6),
(127, 170),
(34, 14),
(196, 101),
(108, 140),
(68, 101),
(204, 76),
(55, 4),
(42, 76),
(62, 101),
(12, 11),
(170, 101),
(195, 4),
(165, 20),
(152, 125),
(132, 2),
(79, 13),
(51, 13),
(3, 20),
(69, 101),
(85, 6),
(35, 6),
(46, 6),
(24, 9),
(88, 6),
(145, 2),
(34, 76),
(100, 101),
(108, 158),
(118, 6),
(98, 4),
(39, 71),
(127, 171),
(72, 101),
(117, 21),
(159, 114),
(66, 15),
(44, 101),
(94, 54),
(57, 101),
(23, 97),
(41, 42),
(88, 6),
(140, 2),
(127, 6),
(160, 6),
(61, 101),
(114, 101),
(183, 2),
(75, 15),
(75, 91),
(139, 13),
(62, 12),
(59, 4),
(87, 101),
(88, 13),
(82, 13),
(72, 2),
(116, 101),
(66, 13),
(22, 12),
(78, 172),
(75, 101),
(52, 167),
(118, 2),
(209, 21),
(94, 13),
(1, 101),
(53, 12),
(84, 20),
(90, 101),
(26, 6),
(34, 45),
(49, 71),
(49, 19),
(60, 21),
(66, 101),
(83, 21),
(146, 21),
(135, 173),
(89, 25),
(130, 101),
(42, 6),
(30, 97),
(170, 101),
(67, 101),
(120, 101),
(160, 17),
(14, 4),
(133, 14),
(106, 6),
(92, 60),
(83, 25),
(83, 91),
(68, 15),
(93, 15),
(131, 103),
(9, 11),
(39, 101),
(82, 6),
(127, 2),
(72, 67),
(111, 2),
(136, 6),
(10, 12),
(22, 36),
(99, 101),
(101, 101),
(204, 19),
(212, 174),
(51, 6),
(19, 15),
(131, 9),
(1, 18),
(2, 4),
(84, 78),
(169, 28),
(87, 101),
(144, 101),
(20, 51),
(116, 13),
(93, 101),
(89, 101),
(89, 2),
(199, 91),
(51, 18),
(36, 6),
(157, 6),
(35, 6),
(71, 19),
(29, 20),
(164, 21),
(184, 2),
(152, 6),
(49, 71),
(106, 76),
(197, 8),
(47, 76),
(52, 6),
(162, 120),
(30, 20),
(30, 19),
(41, 167),
(88, 101),
(72, 71),
(58, 20),
(76, 20),
(10, 117),
(75, 101),
(101, 135),
(33, 4),
(36, 25),
(23, 97),
(157, 92),
(169, 28),
(20, 6),
(202, 19),
(82, 101),
(26, 4),
(181, 101),
(77, 13),
(199, 91),
(5, 13),
(176, 114),
(25, 40),
(42, 76),
(6, 12),
(63, 6),
(1, 101),
(11, 8),
(203, 114),
(156, 119),
(105, 101),
(202, 19),
(136, 2),
(66, 20),
(92, 175),
(78, 20),
(52, 13),
(28, 6),
(12, 23),
(157, 4),
(45, 83),
(195, 6),
(151, 75),
(111, 76),
(132, 101),
(22, 36),
(176, 114),
(19, 101),
(57, 20),
(131, 9),
(1, 20),
(70, 101),
(201, 101),
(195, 11),
(109, 6),
(76, 25),
(76, 6),
(68, 101),
(93, 13),
(75, 101),
(128, 25),
(128, 101),
(55, 150),
(199, 91),
(6, 9),
(131, 103),
(38, 41),
(134, 9),
(151, 158),
(141, 6),
(66, 91),
(68, 20),
(52, 13),
(209, 101),
(130, 101),
(8, 6),
(30, 97),
(119, 54),
(31, 101),
(35, 30),
(104, 20),
(86, 101),
(41, 4),
(56, 4),
(136, 101),
(159, 101),
(22, 13),
(78, 6),
(146, 160),
(44, 71),
(40, 110),
(79, 6),
(94, 4),
(57, 6),
(9, 11),
(170, 101),
(156, 36),
(109, 6),
(34, 45),
(100, 2),
(99, 6),
(167, 6),
(139, 13),
(1, 120),
(85, 12),
(9, 4),
(26, 14),
(106, 25),
(135, 13),
(99, 2),
(211, 91),
(25, 13),
(17, 29),
(38, 41),
(41, 14),
(184, 176),
(141, 101),
(81, 143),
(99, 101),
(163, 24),
(161, 101),
(131, 9),
(28, 13),
(96, 101),
(165, 120),
(156, 106),
(200, 9),
(144, 101),
(115, 21),
(61, 13),
(141, 101),
(127, 101),
(37, 25),
(34, 45),
(49, 25),
(133, 6),
(159, 101),
(44, 71),
(51, 12),
(23, 19),
(85, 30),
(2, 4),
(119, 9),
(158, 6),
(29, 20),
(95, 101),
(129, 177),
(37, 6),
(183, 101),
(183, 178),
(190, 101),
(44, 19),
(179, 54),
(1, 101),
(11, 10),
(24, 101),
(41, 25),
(61, 101),
(116, 101),
(114, 166),
(83, 25),
(68, 6),
(55, 25),
(85, 15),
(9, 6),
(53, 12),
(120, 67),
(200, 101),
(205, 106),
(95, 6),
(136, 76),
(122, 101),
(125, 2),
(66, 6),
(167, 11),
(101, 135),
(17, 19),
(64, 19),
(38, 4),
(30, 30),
(172, 101),
(31, 20),
(12, 12),
(71, 30),
(103, 101),
(95, 25),
(177, 101),
(160, 6),
(121, 101),
(132, 13),
(83, 6),
(81, 6),
(55, 179),
(25, 18),
(98, 4),
(64, 9),
(12, 6),
(87, 20),
(41, 6),
(106, 4),
(91, 101),
(199, 91),
(42, 76),
(62, 6),
(98, 4),
(24, 101),
(88, 57),
(140, 101),
(132, 103),
(176, 101),
(23, 21),
(13, 6),
(71, 101),
(39, 9),
(208, 101),
(155, 101),
(22, 36),
(51, 12),
(25, 18),
(98, 103),
(45, 6),
(37, 43),
(197, 30),
(181, 25),
(75, 159),
(199, 91),
(33, 13),
(12, 12),
(13, 6),
(84, 20),
(87, 180),
(109, 83),
(136, 91),
(60, 114),
(197, 144),
(99, 6),
(52, 4),
(48, 13),
(128, 11),
(167, 6),
(51, 12),
(6, 9),
(64, 19),
(1, 97),
(28, 41),
(203, 114),
(24, 101),
(110, 101),
(90, 15),
(20, 167),
(177, 101),
(10, 25),
(132, 20),
(8, 101),
(74, 114),
(18, 19),
(104, 101),
(164, 13),
(164, 181),
(208, 21),
(72, 6),
(49, 71),
(66, 101),
(114, 103),
(108, 13),
(204, 182),
(163, 6),
(33, 4),
(94, 6),
(1, 97),
(168, 54),
(54, 20),
(96, 101),
(115, 11),
(88, 101),
(72, 20),
(58, 76),
(50, 13),
(61, 101),
(141, 6),
(81, 4),
(91, 19),
(51, 6),
(62, 12),
(59, 101),
(38, 120),
(119, 103),
(13, 6),
(156, 6),
(109, 2),
(152, 125),
(15, 52),
(93, 6),
(75, 91),
(118, 6),
(17, 15),
(1, 97),
(23, 97),
(156, 26),
(82, 101),
(82, 124),
(136, 101),
(143, 13),
(106, 128),
(78, 13),
(142, 2),
(75, 91),
(44, 12),
(179, 114),
(103, 101),
(83, 20),
(75, 4),
(89, 101),
(32, 14),
(25, 20),
(25, 4),
(57, 20),
(161, 9),
(6, 18),
(98, 4),
(157, 92),
(84, 147),
(90, 20),
(90, 15),
(58, 6),
(111, 66),
(37, 43),
(14, 14),
(97, 13),
(81, 6),
(81, 91),
(99, 13),
(55, 25),
(124, 101),
(19, 11),
(179, 23),
(71, 101),
(120, 101),
(95, 6),
(202, 19),
(177, 101),
(37, 43),
(121, 114),
(61, 20),
(49, 71),
(10, 81),
(133, 14),
(155, 183),
(108, 140),
(81, 20),
(81, 91),
(93, 13),
(99, 6),
(40, 136),
(199, 101),
(161, 9),
(64, 19),
(30, 19),
(13, 20),
(207, 114),
(54, 19),
(87, 13),
(150, 21),
(144, 103),
(144, 21),
(100, 6),
(77, 20),
(99, 20),
(19, 19),
(25, 101),
(33, 4),
(178, 10),
(151, 75),
(127, 20),
(58, 13),
(186, 114),
(136, 44),
(97, 103),
(81, 91),
(93, 20),
(176, 101),
(85, 30),
(45, 9),
(41, 48),
(202, 19),
(189, 2),
(130, 101),
(33, 103),
(157, 4),
(35, 6),
(120, 6),
(120, 67),
(61, 6),
(141, 6),
(83, 6),
(75, 101),
(33, 4),
(94, 13),
(31, 97),
(53, 6),
(120, 20),
(58, 4),
(100, 6),
(10, 14),
(118, 101),
(176, 101),
(30, 17),
(31, 97),
(134, 9),
(13, 76),
(201, 114),
(120, 6),
(164, 91),
(92, 24),
(22, 13),
(142, 114),
(75, 15),
(40, 110),
(5, 6),
(19, 19),
(23, 30),
(65, 20),
(35, 6),
(13, 6),
(120, 20),
(122, 21),
(14, 6),
(47, 13),
(148, 101),
(91, 30),
(28, 6),
(207, 101),
(109, 6),
(34, 45),
(143, 13),
(83, 14),
(128, 20),
(107, 63),
(87, 15),
(160, 21),
(61, 6),
(141, 101),
(47, 13),
(99, 15),
(5, 101),
(19, 19),
(42, 6),
(94, 6),
(9, 13),
(151, 6),
(22, 101),
(83, 184),
(93, 6),
(52, 13),
(148, 54),
(204, 24),
(25, 40),
(86, 20),
(82, 124),
(136, 101),
(149, 101),
(114, 166),
(176, 114),
(33, 103),
(57, 6),
(70, 101),
(56, 4),
(58, 167),
(117, 101),
(68, 15),
(163, 9),
(19, 9),
(63, 4),
(38, 4),
(54, 20),
(105, 2),
(20, 51),
(177, 6),
(109, 6),
(133, 14),
(93, 6),
(148, 6),
(19, 16),
(94, 13),
(6, 18),
(31, 97),
(81, 91),
(19, 19),
(59, 4),
(63, 6),
(9, 6),
(88, 13),
(127, 101),
(121, 101),
(143, 20),
(10, 14),
(22, 117),
(183, 101),
(74, 13),
(33, 13),
(179, 44),
(30, 30),
(120, 20),
(160, 13),
(136, 20),
(122, 6),
(77, 13),
(108, 2),
(68, 6),
(206, 19),
(5, 13),
(51, 6),
(33, 103),
(36, 20),
(59, 13),
(20, 51),
(127, 6),
(72, 6),
(136, 91),
(77, 101),
(19, 15),
(59, 4),
(119, 103),
(12, 11),
(102, 114),
(20, 101),
(140, 101),
(82, 124),
(177, 101),
(114, 101),
(126, 2),
(101, 20),
(101, 185),
(25, 6),
(94, 13),
(1, 120),
(87, 6),
(164, 20),
(95, 25),
(136, 6),
(121, 101),
(49, 101),
(213, 122),
(8, 186),
(63, 6),
(30, 20),
(46, 101),
(138, 101),
(120, 101),
(144, 143),
(142, 187),
(101, 135),
(25, 6),
(62, 6),
(63, 20),
(23, 101),
(2, 4),
(87, 188),
(58, 6),
(37, 4),
(109, 12),
(155, 2),
(116, 20),
(93, 13),
(89, 6),
(63, 4),
(1, 97),
(38, 120),
(88, 6),
(140, 103),
(72, 6),
(160, 6),
(100, 6),
(106, 128),
(190, 101),
(112, 6),
(204, 19),
(55, 4),
(124, 101),
(179, 114),
(151, 122),
(147, 2),
(26, 14),
(76, 6),
(145, 101),
(10, 164),
(17, 19),
(85, 12),
(71, 101),
(188, 21),
(160, 76),
(136, 6),
(66, 4),
(199, 91),
(131, 9),
(65, 147),
(24, 9),
(37, 4),
(160, 20),
(109, 6),
(100, 24),
(121, 21),
(117, 6),
(114, 152),
(81, 6),
(75, 25),
(55, 25),
(94, 4),
(57, 20),
(6, 18),
(131, 9),
(35, 6),
(151, 75),
(156, 101),
(20, 51),
(127, 6),
(34, 91),
(81, 13),
(204, 19),
(137, 19),
(163, 9),
(19, 9),
(36, 6),
(69, 101),
(63, 20),
(41, 189),
(82, 6),
(72, 67),
(197, 8),
(89, 48),
(52, 167),
(112, 21),
(23, 101),
(23, 19),
(119, 9),
(12, 16),
(151, 75),
(87, 6),
(76, 24),
(149, 6),
(132, 101),
(181, 101),
(108, 13),
(81, 13),
(148, 6),
(12, 11),
(20, 101),
(189, 101),
(10, 117),
(132, 13),
(78, 13),
(8, 34),
(211, 91),
(25, 101),
(25, 13),
(28, 41),
(71, 101),
(120, 15),
(104, 20),
(184, 101),
(177, 21),
(196, 2),
(141, 6),
(114, 20),
(68, 4),
(81, 6),
(89, 20),
(56, 25),
(76, 6),
(60, 4),
(60, 101),
(133, 14),
(15, 52),
(112, 20),
(33, 4),
(59, 4),
(172, 101),
(172, 6),
(37, 4),
(97, 20),
(75, 91),
(19, 19),
(33, 13),
(59, 6),
(131, 9),
(160, 6),
(83, 190),
(93, 13),
(75, 91),
(179, 97),
(127, 25),
(160, 6),
(66, 6),
(66, 91),
(146, 20),
(52, 13),
(199, 91),
(1, 120),
(13, 13),
(151, 75),
(20, 14),
(208, 6),
(82, 20),
(58, 191),
(26, 167),
(60, 4),
(73, 71),
(19, 11),
(59, 6),
(38, 29),
(30, 19),
(158, 84),
(207, 114),
(151, 6),
(151, 158),
(95, 61),
(14, 25),
(22, 117),
(93, 71),
(209, 19),
(211, 91),
(57, 9),
(67, 101),
(123, 101),
(115, 20),
(82, 6),
(177, 101),
(136, 91),
(106, 128),
(83, 91),
(135, 20),
(93, 12),
(99, 4),
(55, 4),
(19, 28),
(120, 20),
(86, 13),
(105, 20),
(82, 6),
(82, 101),
(37, 14),
(109, 20),
(109, 6),
(26, 14),
(100, 13),
(60, 114),
(142, 114),
(93, 15),
(29, 20),
(41, 189),
(72, 20),
(58, 6),
(133, 76),
(75, 192),
(99, 6),
(91, 193),
(51, 6),
(85, 6),
(165, 13),
(41, 25),
(147, 101),
(37, 6),
(76, 6),
(125, 6),
(22, 13),
(99, 6),
(25, 6),
(42, 6),
(161, 9),
(59, 4),
(144, 20),
(50, 4),
(152, 6),
(14, 20),
(141, 6),
(66, 91),
(79, 4),
(211, 91),
(19, 28),
(3, 25),
(1, 101),
(71, 30),
(120, 101),
(156, 36),
(164, 91),
(88, 6),
(26, 6),
(197, 6),
(142, 194),
(75, 14),
(99, 15),
(118, 68),
(204, 24),
(13, 101),
(207, 114),
(138, 101),
(96, 101),
(84, 147),
(169, 13),
(90, 6),
(47, 13),
(19, 9),
(94, 4),
(161, 9),
(6, 9),
(28, 101),
(207, 101),
(90, 13),
(105, 13),
(193, 2),
(76, 6),
(66, 13),
(66, 151),
(75, 25),
(75, 91),
(55, 54),
(176, 114),
(23, 97),
(35, 6),
(87, 15),
(56, 4),
(20, 51),
(117, 21),
(114, 103),
(68, 6),
(93, 13),
(199, 91),
(131, 9),
(85, 30),
(13, 13),
(20, 14),
(149, 2),
(146, 6),
(17, 26),
(158, 9),
(120, 20),
(41, 14),
(58, 4),
(76, 25),
(152, 12),
(173, 82),
(22, 195),
(78, 6),
(47, 13),
(97, 13),
(19, 15),
(33, 13),
(57, 6),
(164, 13),
(34, 76),
(121, 20),
(10, 117),
(141, 6),
(114, 13),
(40, 110),
(199, 91),
(179, 97),
(36, 6),
(28, 41),
(172, 6),
(13, 17),
(80, 101),
(39, 9),
(95, 6),
(60, 4),
(25, 20),
(38, 29),
(12, 12),
(45, 20),
(175, 101),
(169, 6),
(115, 6),
(129, 21),
(140, 196),
(72, 67),
(116, 101),
(22, 91),
(19, 28),
(19, 9),
(19, 19),
(33, 17),
(139, 4),
(98, 4),
(64, 12),
(13, 20),
(45, 20),
(95, 6),
(202, 19),
(82, 6),
(82, 124),
(26, 167),
(136, 44),
(49, 71),
(92, 14),
(153, 20),
(112, 13),
(148, 30),
(44, 30),
(5, 101),
(65, 4),
(151, 75),
(88, 197),
(58, 15),
(132, 103),
(159, 20),
(81, 91),
(75, 167),
(126, 20),
(48, 76),
(118, 2),
(33, 4),
(98, 4),
(151, 158),
(82, 124),
(145, 20),
(159, 2),
(142, 20),
(209, 21),
(98, 103),
(17, 76),
(85, 15),
(38, 120),
(70, 101),
(102, 30),
(120, 20),
(72, 71),
(58, 15),
(136, 91),
(34, 91),
(92, 60),
(108, 140),
(75, 44),
(89, 6),
(139, 4),
(85, 6),
(119, 9),
(158, 101),
(80, 101),
(201, 9),
(156, 36),
(156, 106),
(129, 20),
(160, 76),
(34, 91),
(66, 91),
(91, 193),
(6, 18),
(203, 114),
(50, 4),
(118, 13),
(131, 9),
(1, 101),
(54, 101),
(151, 158),
(202, 19),
(136, 89),
(59, 101),
(119, 120),
(87, 167),
(72, 101),
(34, 14),
(34, 151),
(128, 25),
(46, 42),
(41, 42),
(20, 14),
(192, 158),
(82, 15),
(100, 13),
(10, 14),
(68, 17),
(59, 101),
(71, 101),
(207, 101),
(214, 9),
(76, 15),
(81, 13),
(79, 13),
(211, 167),
(23, 101),
(41, 167),
(37, 4),
(26, 14),
(122, 13),
(83, 198),
(99, 44),
(44, 12),
(17, 15),
(54, 101),
(150, 158),
(61, 13),
(66, 4),
(83, 14),
(68, 13),
(33, 4),
(71, 101),
(120, 101),
(106, 4),
(66, 92),
(25, 101),
(120, 15),
(147, 101),
(136, 89),
(57, 101),
(1, 120),
(151, 67),
(88, 13),
(202, 30),
(120, 76),
(76, 15),
(10, 14),
(142, 13),
(55, 150),
(5, 101),
(1, 101),
(87, 13),
(20, 167),
(26, 14),
(50, 13),
(122, 13),
(133, 14),
(107, 15),
(25, 101),
(25, 13),
(172, 4),
(13, 16),
(203, 29),
(127, 25),
(66, 15),
(163, 44),
(13, 40),
(120, 67),
(41, 90),
(20, 14),
(72, 167),
(37, 14),
(26, 4),
(146, 21),
(17, 76),
(120, 76),
(140, 2),
(109, 13),
(162, 120),
(65, 4),
(13, 101),
(129, 14),
(100, 15),
(14, 14),
(92, 29),
(153, 2),
(99, 13),
(14, 25),
(143, 13),
(92, 14),
(40, 136),
(55, 42),
(17, 15),
(1, 97),
(80, 4),
(180, 101),
(82, 13),
(50, 101),
(34, 14),
(49, 101),
(154, 21),
(6, 9),
(119, 9),
(172, 101),
(13, 76),
(88, 13),
(37, 76),
(183, 13),
(57, 98),
(69, 101),
(131, 9),
(80, 4),
(39, 101),
(41, 199),
(76, 14),
(114, 54),
(12, 12),
(152, 76),
(68, 167),
(89, 25),
(112, 13),
(167, 12),
(25, 40),
(164, 13),
(106, 14),
(120, 101),
(125, 2),
(146, 200),
(93, 13),
(52, 167),
(120, 201),
(20, 14),
(20, 167),
(132, 13),
(75, 17),
(94, 13),
(56, 4),
(83, 14),
(93, 13),
(75, 101),
(190, 101),
(55, 25),
(59, 101),
(191, 4),
(120, 101),
(76, 202),
(81, 4),
(52, 13),
(162, 120),
(82, 4),
(50, 4),
(68, 13),
(204, 76),
(134, 9),
(41, 4),
(58, 167),
(111, 14),
(92, 48),
(119, 9),
(13, 4),
(90, 13),
(150, 158),
(41, 4),
(8, 186),
(110, 101),
(50, 13),
(22, 195),
(176, 13),
(42, 13),
(38, 29),
(13, 40),
(99, 15),
(103, 101),
(87, 180),
(58, 4),
(116, 13),
(68, 101),
(75, 14),
(112, 13),
(204, 24),
(123, 101),
(41, 76),
(26, 14),
(26, 167),
(34, 14),
(146, 13),
(17, 101),
(30, 30),
(164, 21),
(34, 14),
(60, 4),
(213, 2),
(45, 83),
(90, 13),
(208, 21),
(72, 67),
(26, 167),
(61, 13),
(78, 203),
(25, 101),
(119, 54),
(82, 13),
(76, 4),
(152, 12),
(92, 29),
(77, 13),
(108, 13),
(55, 4),
(62, 101),
(38, 120),
(160, 13),
(10, 204),
(19, 15),
(67, 101),
(20, 167),
(202, 186),
(83, 14),
(99, 13),
(32, 14),
(71, 101),
(165, 101),
(41, 14),
(136, 14),
(189, 2),
(10, 81),
(78, 15),
(135, 13),
(183, 205),
(5, 101),
(139, 4),
(23, 19),
(24, 101),
(88, 13),
(58, 13),
(37, 14),
(26, 14),
(81, 13),
(89, 14),
(17, 12),
(12, 12),
(24, 101),
(103, 101),
(182, 158),
(41, 48),
(25, 40),
(115, 13),
(208, 13),
(109, 101),
(22, 71),
(135, 13),
(52, 13),
(57, 9),
(41, 14),
(108, 13),
(81, 13),
(41, 76),
(20, 51),
(20, 167),
(192, 21),
(143, 167),
(116, 13),
(52, 167),
(55, 54),
(57, 101),
(98, 4),
(164, 13),
(115, 21),
(202, 186),
(26, 167),
(114, 13),
(83, 25),
(148, 206),
(19, 101),
(98, 13),
(1, 18),
(29, 13),
(114, 13),
(44, 101),
(64, 9),
(38, 4),
(12, 23),
(158, 101),
(13, 40),
(68, 101),
(89, 207),
(62, 13),
(59, 101),
(1, 15),
(202, 11),
(49, 25),
(60, 29),
(114, 101),
(146, 13),
(38, 29),
(80, 101),
(86, 13),
(66, 13),
(181, 25),
(22, 195),
(112, 15),
(54, 101),
(41, 167),
(95, 25),
(109, 13),
(109, 12),
(26, 167),
(135, 17),
(52, 4),
(40, 110),
(79, 4),
(1, 101),
(28, 13),
(9, 4),
(41, 14),
(159, 13),
(22, 195),
(183, 13),
(91, 101),
(51, 44),
(123, 101),
(104, 101),
(109, 83),
(114, 13),
(55, 150),
(32, 14),
(19, 9),
(80, 4),
(87, 13),
(106, 14),
(97, 13),
(68, 15),
(40, 110),
(32, 14),
(195, 4),
(56, 4),
(129, 4),
(129, 25),
(112, 15),
(182, 158),
(50, 167),
(34, 14),
(179, 97),
(38, 41),
(71, 101),
(105, 13),
(93, 13),
(148, 54),
(118, 13),
(91, 30),
(42, 76),
(131, 9),
(1, 15),
(1, 101),
(205, 25),
(90, 167),
(41, 4),
(20, 167),
(106, 14),
(52, 167),
(118, 13),
(74, 4),
(127, 14),
(72, 67),
(122, 13),
(132, 4),
(79, 76),
(69, 101),
(82, 13),
(186, 25),
(78, 13),
(33, 4),
(147, 2),
(37, 12),
(34, 91),
(77, 167),
(135, 13),
(207, 97),
(41, 4),
(26, 167),
(50, 13),
(121, 13),
(75, 4),
(52, 4),
(8, 101),
(57, 101),
(28, 12),
(172, 13),
(9, 13),
(195, 4),
(200, 101),
(182, 158),
(88, 13),
(72, 67),
(143, 13),
(61, 13),
(141, 12),
(92, 24),
(112, 167),
(211, 167),
(37, 14),
(126, 13),
(89, 14),
(112, 4),
(55, 4),
(19, 101),
(172, 4),
(20, 48),
(95, 14),
(95, 25),
(100, 17),
(121, 13),
(68, 4),
(93, 13),
(75, 14),
(163, 9),
(30, 147),
(9, 4),
(87, 188),
(100, 4),
(10, 25),
(66, 13),
(89, 17),
(41, 167),
(208, 13),
(72, 11),
(125, 13),
(114, 208),
(77, 101),
(108, 13),
(68, 13),
(1, 18),
(23, 30),
(13, 76),
(95, 14),
(106, 76),
(68, 13),
(91, 193),
(32, 151),
(51, 44),
(30, 30),
(41, 101),
(60, 186),
(79, 76),
(55, 150),
(87, 13),
(88, 13),
(50, 13),
(159, 44),
(63, 4),
(144, 13),
(117, 25),
(108, 167),
(75, 15),
(128, 14),
(139, 4),
(45, 9),
(54, 19),
(115, 101),
(26, 25),
(122, 21),
(155, 2),
(106, 186),
(55, 4),
(156, 101),
(141, 14),
(173, 13),
(68, 4),
(99, 13),
(211, 186),
(59, 11),
(38, 120),
(84, 101),
(115, 13),
(141, 25),
(99, 13),
(112, 21),
(67, 101),
(136, 4),
(141, 4),
(93, 71),
(75, 209),
(99, 13),
(162, 16),
(119, 9),
(24, 18),
(102, 30),
(41, 167),
(188, 13),
(208, 13),
(132, 167),
(125, 13),
(68, 76),
(191, 139),
(72, 67),
(126, 13),
(57, 9),
(13, 101),
(207, 97),
(66, 13),
(22, 13),
(83, 101),
(108, 158),
(93, 13),
(75, 15),
(90, 13),
(208, 210),
(82, 13),
(50, 4),
(10, 25),
(78, 92),
(90, 15),
(208, 4),
(202, 30),
(61, 13),
(1, 120),
(72, 167),
(121, 13),
(196, 2),
(106, 14),
(83, 14),
(75, 209),
(112, 13),
(19, 11),
(33, 4),
(35, 76),
(144, 13),
(88, 13),
(145, 13),
(114, 211),
(62, 101),
(134, 9),
(202, 30),
(72, 11),
(141, 25),
(114, 4),
(89, 14),
(8, 186),
(32, 14),
(71, 19),
(208, 13),
(177, 14),
(111, 167),
(109, 13),
(145, 13),
(142, 13),
(75, 14),
(1, 18),
(28, 13),
(172, 101),
(10, 25),
(97, 13),
(89, 25),
(62, 76),
(82, 12),
(135, 167),
(93, 71),
(118, 15),
(204, 97),
(19, 9),
(54, 101),
(20, 167),
(61, 15),
(40, 136),
(59, 17),
(119, 9),
(120, 15),
(41, 167),
(160, 13),
(76, 14),
(136, 14),
(132, 13),
(159, 13),
(173, 13),
(81, 4),
(75, 167),
(62, 101),
(63, 4),
(119, 9),
(151, 101),
(41, 167),
(140, 13),
(26, 212),
(14, 25),
(10, 81),
(106, 186),
(114, 208),
(59, 101),
(96, 101),
(120, 15),
(164, 13),
(76, 202),
(75, 15),
(39, 18),
(200, 101),
(144, 13),
(129, 14),
(129, 21),
(177, 21),
(186, 14),
(121, 101),
(10, 25),
(93, 12),
(17, 15),
(20, 167),
(180, 13),
(58, 167),
(37, 4),
(52, 13),
(98, 13),
(13, 76),
(87, 167),
(72, 67),
(109, 167),
(50, 167),
(117, 213),
(78, 13),
(33, 15),
(64, 9),
(165, 120),
(87, 167),
(88, 42),
(159, 13),
(148, 151),
(33, 15),
(42, 13),
(156, 4),
(83, 76),
(99, 13),
(91, 30),
(138, 101),
(120, 201),
(58, 13),
(58, 4),
(52, 4),
(19, 101),
(150, 21),
(109, 186),
(132, 13),
(83, 4),
(68, 167),
(52, 167),
(23, 30),
(70, 101),
(56, 4),
(82, 101),
(177, 14),
(166, 2),
(132, 186),
(116, 13),
(108, 13),
(97, 17),
(68, 167),
(68, 214),
(135, 13),
(75, 215),
(99, 15),
(137, 167),
(94, 54),
(31, 48),
(104, 101),
(208, 101),
(149, 13),
(62, 12),
(63, 13),
(127, 25),
(155, 13),
(66, 151),
(114, 54),
(93, 12),
(64, 9),
(30, 11),
(54, 101),
(24, 101),
(41, 151),
(41, 48),
(95, 25),
(13, 4),
(41, 4),
(202, 186),
(127, 14),
(111, 14),
(100, 13),
(173, 13),
(78, 13),
(77, 13),
(118, 13),
(91, 92),
(131, 9),
(64, 12),
(172, 101),
(96, 101),
(200, 42),
(111, 25),
(160, 13),
(116, 13),
(156, 119),
(75, 167),
(112, 15),
(179, 54),
(165, 18),
(90, 13),
(121, 21),
(141, 14),
(159, 186),
(81, 11),
(129, 14),
(106, 101),
(83, 25),
(75, 14),
(75, 167),
(52, 167),
(172, 41),
(164, 181),
(58, 76),
(37, 4),
(114, 166),
(51, 101),
(158, 9),
(120, 101),
(165, 120),
(90, 15),
(144, 167),
(66, 4),
(78, 4),
(75, 14),
(177, 25),
(111, 14),
(76, 14),
(145, 13),
(81, 11),
(57, 9),
(119, 9),
(35, 15),
(71, 30),
(72, 216),
(160, 13),
(160, 17),
(60, 186),
(68, 13),
(118, 101),
(51, 12),
(19, 9),
(164, 13),
(192, 13),
(72, 167),
(60, 4),
(141, 186),
(83, 190),
(128, 167),
(19, 11),
(151, 158),
(37, 4),
(76, 25),
(50, 4),
(121, 167),
(149, 13),
(66, 151),
(44, 30),
(163, 9),
(85, 30),
(201, 9),
(160, 13),
(66, 4),
(92, 14),
(114, 13),
(68, 15),
(18, 54),
(87, 167),
(127, 14),
(61, 15),
(93, 13),
(19, 101),
(119, 9),
(24, 101),
(150, 13),
(141, 217),
(131, 9),
(150, 13),
(72, 67),
(109, 13),
(83, 14),
(81, 13),
(5, 101),
(69, 101),
(83, 25),
(77, 13),
(75, 101),
(99, 15),
(17, 15),
(127, 4),
(154, 13),
(93, 13),
(112, 151),
(62, 101),
(63, 13),
(151, 101),
(107, 15),
(211, 167),
(17, 12),
(17, 101),
(131, 17),
(138, 101),
(164, 17),
(208, 13),
(92, 71),
(146, 13),
(118, 13),
(110, 101),
(151, 158),
(184, 13),
(188, 13),
(142, 13),
(206, 11),
(55, 54),
(74, 101),
(165, 13),
(105, 218),
(58, 167),
(99, 76),
(3, 25),
(158, 9);
INSERT INTO `faculty` (`uni_id`, `faculty_id`) VALUES
(201, 9),
(95, 4),
(129, 219),
(37, 4),
(109, 13),
(145, 4),
(75, 14),
(52, 167),
(17, 12),
(162, 78),
(180, 13),
(100, 13),
(132, 13),
(116, 13),
(1, 97),
(162, 78),
(38, 4),
(95, 4),
(61, 13),
(211, 167),
(25, 18),
(98, 4),
(18, 15),
(169, 101),
(58, 151),
(160, 13),
(49, 25),
(142, 13),
(31, 101),
(177, 186),
(77, 167),
(55, 54),
(30, 30),
(13, 13),
(95, 14),
(95, 167),
(82, 13),
(50, 167),
(143, 13),
(49, 42),
(128, 14),
(204, 24),
(24, 101),
(164, 13),
(95, 15),
(97, 13),
(148, 30),
(98, 4),
(46, 9),
(156, 101),
(58, 13),
(196, 13),
(108, 84),
(99, 13),
(35, 30),
(91, 193),
(119, 54),
(13, 101),
(144, 13),
(58, 4),
(61, 13),
(17, 15),
(13, 101),
(20, 167),
(208, 13),
(140, 13),
(127, 15),
(121, 13),
(142, 13),
(36, 11),
(31, 30),
(13, 15),
(90, 167),
(132, 13),
(52, 4),
(55, 195),
(64, 9),
(12, 24),
(127, 25),
(111, 14),
(26, 167),
(189, 101),
(106, 186),
(114, 13),
(99, 76),
(67, 101),
(165, 122),
(87, 167),
(127, 14),
(76, 15),
(83, 25),
(108, 167),
(5, 101),
(1, 15),
(140, 167),
(78, 76),
(78, 172),
(77, 13),
(99, 15),
(118, 13),
(56, 25),
(20, 167),
(88, 4),
(177, 101),
(116, 13),
(75, 15),
(126, 101),
(1, 101),
(58, 167),
(37, 4),
(76, 14),
(176, 101),
(19, 101),
(25, 101),
(25, 18),
(62, 13),
(64, 12),
(63, 101),
(72, 167),
(58, 13),
(50, 167),
(143, 13),
(114, 220),
(108, 167),
(74, 13),
(13, 40),
(111, 25),
(158, 101),
(87, 13),
(164, 13),
(26, 221),
(14, 4),
(81, 13),
(13, 4),
(120, 101),
(151, 67),
(37, 25),
(121, 13),
(112, 167),
(33, 4),
(30, 11),
(110, 101),
(208, 41),
(68, 13),
(68, 167),
(89, 76),
(38, 120),
(96, 101),
(90, 13),
(41, 42),
(75, 167),
(128, 17),
(87, 13),
(76, 4),
(116, 4),
(128, 14),
(54, 101),
(147, 48),
(76, 202),
(132, 13),
(114, 101),
(77, 15),
(63, 101),
(72, 222),
(10, 25),
(146, 13),
(98, 4),
(30, 147),
(158, 84),
(50, 4),
(136, 14),
(149, 13),
(159, 13),
(68, 167),
(79, 4),
(119, 9),
(13, 76),
(207, 97),
(115, 13),
(88, 4),
(92, 48),
(93, 71),
(122, 13),
(66, 4),
(119, 44),
(103, 101),
(184, 101),
(88, 13),
(186, 14),
(78, 13),
(211, 167),
(25, 4),
(1, 120),
(109, 186),
(76, 76),
(106, 14),
(159, 15),
(51, 18),
(109, 186),
(66, 4),
(78, 4),
(68, 13),
(135, 167),
(100, 15),
(143, 167),
(65, 13),
(111, 167),
(109, 167),
(77, 167),
(119, 16),
(86, 13),
(72, 216),
(72, 71),
(81, 151),
(99, 13),
(112, 13),
(211, 186),
(25, 4),
(119, 9),
(13, 4),
(120, 67),
(41, 167),
(95, 14),
(140, 13),
(82, 13),
(127, 14),
(72, 223),
(132, 167),
(57, 101),
(41, 167),
(41, 4),
(105, 13),
(136, 14),
(189, 25),
(118, 13),
(59, 15),
(28, 41),
(56, 42),
(56, 224),
(184, 186),
(95, 167),
(135, 167),
(79, 4),
(28, 12),
(18, 15),
(71, 19),
(22, 16),
(83, 91),
(146, 13),
(52, 4),
(52, 167),
(33, 103),
(57, 101),
(59, 101),
(156, 101),
(90, 13),
(111, 15),
(10, 25),
(60, 42),
(78, 203),
(99, 4),
(89, 14),
(162, 120),
(71, 101),
(110, 101),
(120, 67),
(97, 13),
(183, 101),
(31, 48),
(178, 10),
(58, 167),
(76, 202),
(83, 4),
(131, 17),
(95, 14),
(88, 13),
(208, 210),
(146, 200),
(79, 13),
(198, 30),
(105, 13),
(129, 25),
(111, 4),
(61, 41),
(159, 15),
(93, 12),
(75, 25),
(153, 13),
(13, 4),
(90, 4),
(136, 89),
(114, 103),
(78, 13),
(148, 206),
(128, 25),
(91, 101),
(162, 16),
(111, 167),
(76, 14),
(189, 101),
(106, 25),
(25, 15),
(180, 13),
(122, 13),
(108, 167),
(146, 13),
(89, 25),
(63, 76),
(86, 13),
(148, 206),
(32, 11),
(54, 101),
(87, 188),
(82, 13),
(145, 13),
(61, 13),
(146, 15),
(210, 4),
(95, 11),
(28, 13),
(50, 4),
(93, 12),
(112, 167),
(204, 76),
(55, 25),
(18, 54),
(115, 13),
(34, 151),
(92, 42),
(81, 13),
(112, 13),
(38, 120),
(29, 13),
(104, 101),
(20, 81),
(114, 13),
(78, 13),
(183, 13),
(161, 101),
(120, 101),
(129, 14),
(137, 83),
(51, 44),
(119, 120),
(129, 4),
(100, 13),
(159, 44),
(75, 25),
(31, 101),
(90, 167),
(56, 4),
(95, 15),
(208, 4),
(106, 4),
(59, 16),
(63, 13),
(138, 101),
(96, 101),
(110, 30),
(115, 15),
(127, 14),
(122, 225),
(189, 25),
(14, 25),
(125, 13),
(153, 167),
(126, 13),
(112, 13),
(19, 9),
(62, 101),
(138, 101),
(135, 17),
(81, 13),
(176, 4),
(63, 13),
(119, 44),
(71, 101),
(72, 222),
(143, 167),
(134, 84),
(87, 167),
(111, 44),
(30, 11),
(41, 221),
(208, 13),
(177, 14),
(160, 13),
(100, 4),
(132, 167),
(112, 15),
(163, 9),
(74, 4),
(33, 4),
(33, 13),
(59, 15),
(127, 15),
(121, 13),
(122, 13),
(132, 167),
(183, 13),
(81, 4),
(53, 46),
(72, 226),
(116, 17),
(153, 13),
(55, 4),
(119, 54),
(180, 167),
(72, 167),
(76, 15),
(141, 25),
(159, 186),
(146, 200),
(156, 13),
(200, 41),
(90, 15),
(189, 101),
(60, 221),
(83, 42),
(201, 9),
(122, 225),
(196, 13),
(61, 15),
(75, 167),
(89, 25),
(199, 167),
(65, 147),
(24, 101),
(82, 4),
(109, 83),
(19, 101),
(20, 51),
(129, 177),
(76, 15),
(142, 114),
(75, 167),
(19, 15),
(207, 10),
(54, 101),
(20, 167),
(141, 25),
(106, 4),
(17, 101),
(69, 13),
(120, 227),
(95, 228),
(37, 4),
(66, 4),
(87, 229),
(145, 230),
(61, 151),
(68, 4),
(190, 25),
(211, 167),
(84, 147),
(87, 13),
(115, 4),
(129, 25),
(135, 101),
(99, 13),
(89, 101),
(211, 167),
(67, 151),
(92, 71),
(112, 11),
(199, 42),
(18, 15),
(77, 76),
(79, 4),
(19, 11),
(35, 54),
(105, 76),
(37, 4),
(10, 25),
(155, 13),
(68, 4),
(81, 4),
(207, 101),
(22, 16),
(108, 13),
(91, 193),
(91, 30),
(90, 13),
(62, 13),
(13, 40),
(115, 13),
(95, 11),
(116, 101),
(146, 13),
(62, 101),
(18, 15),
(54, 19),
(186, 25),
(121, 167),
(159, 13),
(116, 4),
(68, 167),
(199, 101),
(51, 13),
(119, 54),
(110, 101),
(87, 167),
(49, 25),
(66, 151),
(92, 231),
(83, 4),
(97, 103),
(99, 4),
(94, 54),
(59, 101),
(31, 101),
(95, 167),
(132, 186),
(114, 4),
(108, 4),
(99, 4),
(79, 4),
(119, 54),
(13, 40),
(90, 4),
(192, 13),
(136, 15),
(125, 76),
(93, 71),
(199, 151),
(36, 25),
(165, 16),
(72, 167),
(52, 163),
(128, 14),
(91, 30),
(5, 13),
(1, 97),
(54, 101),
(81, 13),
(126, 13),
(89, 4),
(151, 101),
(77, 4),
(183, 13),
(19, 101),
(193, 101),
(72, 167),
(111, 14),
(75, 4),
(118, 13),
(137, 167),
(33, 103),
(120, 227),
(120, 67),
(180, 13),
(177, 25),
(119, 54),
(80, 101),
(70, 101),
(193, 100),
(202, 30),
(215, 9),
(41, 25),
(20, 48),
(180, 13),
(72, 232),
(211, 167),
(19, 9),
(71, 101),
(165, 101),
(20, 51),
(78, 233),
(112, 15),
(62, 13),
(1, 101),
(35, 16),
(39, 18),
(72, 71),
(190, 101),
(52, 4),
(167, 71),
(17, 12),
(38, 4),
(119, 120),
(127, 101),
(61, 13),
(132, 186),
(142, 167),
(204, 76),
(87, 167),
(72, 223),
(19, 15),
(33, 15),
(12, 16),
(71, 101),
(120, 15),
(51, 101),
(94, 4),
(151, 101),
(144, 167),
(72, 71),
(109, 12),
(50, 4),
(168, 4),
(87, 167),
(144, 167),
(83, 4),
(163, 9),
(120, 201),
(84, 147),
(140, 167),
(76, 202),
(136, 89),
(125, 42),
(125, 76),
(75, 167),
(128, 11),
(128, 167),
(82, 4),
(136, 89),
(181, 25),
(9, 4),
(88, 4),
(72, 167),
(145, 13),
(116, 13),
(112, 15),
(25, 18),
(53, 12),
(109, 167),
(68, 167),
(74, 4),
(19, 15),
(95, 167),
(88, 13),
(122, 42),
(159, 114),
(75, 15),
(19, 101),
(10, 81),
(83, 221),
(19, 9),
(84, 147),
(87, 229),
(75, 4),
(158, 101),
(13, 40),
(120, 26),
(72, 67),
(173, 13),
(121, 13),
(189, 16),
(108, 167),
(87, 229),
(39, 101),
(151, 101),
(187, 10),
(72, 216),
(121, 167),
(92, 29),
(1, 15),
(70, 101),
(151, 67),
(100, 76),
(98, 103),
(1, 18),
(127, 14),
(89, 4),
(80, 101),
(121, 167),
(55, 195),
(201, 9),
(68, 167),
(75, 11),
(75, 14),
(63, 76),
(1, 15),
(120, 15),
(95, 14),
(58, 167),
(79, 101),
(151, 67),
(150, 13),
(177, 186),
(93, 71),
(55, 150),
(157, 4),
(134, 84),
(142, 13),
(52, 4),
(85, 15),
(172, 4),
(164, 234),
(20, 167),
(19, 15),
(69, 13),
(82, 13),
(211, 167),
(19, 9),
(25, 40),
(33, 103),
(76, 25),
(142, 167),
(44, 235),
(63, 101),
(18, 9),
(119, 9),
(134, 9),
(35, 12),
(184, 54),
(127, 25),
(162, 120),
(9, 4),
(120, 101),
(205, 14),
(61, 4),
(77, 167),
(163, 9),
(162, 120),
(76, 202),
(141, 4),
(161, 101),
(62, 76),
(41, 167),
(105, 76),
(111, 4),
(76, 202),
(92, 29),
(114, 211),
(52, 13),
(35, 15),
(46, 98),
(125, 13),
(126, 13),
(112, 15),
(156, 4),
(117, 25),
(44, 30),
(128, 167),
(124, 101),
(90, 4),
(144, 13),
(41, 4),
(127, 171),
(50, 42),
(132, 4),
(26, 25),
(141, 25),
(108, 167),
(99, 4),
(99, 15),
(89, 4),
(35, 12),
(95, 17),
(208, 13),
(132, 167),
(108, 167),
(69, 101),
(1, 15),
(85, 11),
(142, 4),
(63, 101),
(147, 30),
(108, 4),
(146, 13),
(93, 71),
(176, 101),
(38, 120),
(167, 71),
(177, 25),
(100, 4),
(108, 167),
(85, 30),
(85, 12),
(155, 13),
(146, 76),
(211, 236),
(1, 101),
(181, 17),
(75, 25),
(59, 4),
(38, 120),
(26, 167),
(164, 4),
(95, 15),
(58, 4),
(19, 101),
(13, 15),
(95, 221),
(75, 11),
(91, 92),
(38, 120),
(35, 16),
(207, 97),
(207, 114),
(150, 13),
(148, 151),
(201, 101),
(120, 101),
(95, 167),
(44, 235),
(72, 167),
(76, 4),
(76, 25),
(83, 4),
(41, 90),
(78, 4),
(135, 13),
(19, 9),
(63, 76),
(120, 201),
(95, 4),
(58, 4),
(111, 167),
(159, 15),
(163, 9),
(5, 101),
(132, 167),
(173, 167),
(78, 4),
(126, 109),
(28, 15),
(207, 10),
(24, 18),
(198, 30),
(199, 48),
(107, 151),
(13, 15),
(151, 101),
(92, 29),
(75, 4),
(55, 42),
(33, 17),
(59, 11),
(17, 12),
(63, 13),
(71, 30),
(167, 12),
(28, 12),
(35, 15),
(67, 151),
(156, 13),
(149, 13),
(114, 211),
(154, 13),
(75, 15),
(23, 19),
(99, 4),
(99, 151),
(1, 30),
(28, 12),
(88, 4),
(136, 15),
(108, 4),
(91, 4),
(189, 15),
(112, 167),
(13, 4),
(46, 44),
(156, 76),
(116, 13),
(112, 151),
(71, 101),
(156, 101),
(76, 25),
(145, 13),
(135, 237),
(51, 18),
(131, 9),
(143, 167),
(89, 207),
(120, 15),
(95, 167),
(95, 17),
(58, 4),
(111, 167),
(66, 151),
(52, 4),
(91, 101),
(28, 15),
(120, 101),
(66, 4),
(91, 4),
(55, 54),
(1, 97),
(144, 238),
(95, 25),
(160, 13),
(109, 186),
(92, 42),
(93, 71),
(190, 25),
(45, 9),
(164, 13),
(26, 25),
(121, 167),
(176, 4),
(17, 12),
(63, 76),
(58, 17),
(52, 4),
(100, 4),
(153, 167),
(13, 15),
(80, 13),
(99, 4),
(5, 13),
(42, 76),
(119, 9),
(9, 13),
(95, 25),
(173, 13),
(31, 101),
(143, 17),
(132, 13),
(99, 13),
(80, 103),
(41, 48),
(140, 15),
(121, 239),
(159, 15),
(144, 167),
(184, 13),
(101, 4),
(62, 17),
(120, 227),
(78, 221),
(146, 15),
(63, 13),
(156, 13),
(72, 226),
(58, 221),
(25, 4),
(115, 15),
(20, 17),
(193, 100),
(108, 13),
(128, 167),
(167, 12),
(212, 240),
(71, 101),
(156, 76),
(95, 167),
(93, 13),
(137, 167),
(33, 103),
(13, 15),
(207, 97),
(58, 13),
(87, 188),
(116, 151),
(41, 25),
(208, 101),
(140, 13),
(60, 29),
(66, 4),
(114, 4),
(75, 101),
(99, 13),
(25, 4),
(84, 147),
(72, 226),
(126, 101),
(204, 182),
(6, 18),
(28, 41),
(201, 114),
(90, 167),
(164, 13),
(20, 51),
(117, 25),
(207, 101),
(136, 151),
(106, 4),
(159, 15),
(37, 12),
(186, 25),
(25, 13),
(36, 21),
(30, 30),
(136, 15),
(116, 13),
(129, 25),
(37, 25),
(121, 167),
(17, 29),
(183, 4),
(20, 81),
(52, 163),
(5, 13),
(51, 44),
(141, 4),
(146, 15),
(1, 101),
(85, 11),
(95, 25),
(37, 4),
(116, 13),
(114, 151),
(135, 13),
(183, 101),
(59, 15),
(30, 30),
(119, 44),
(144, 167),
(122, 225),
(19, 16),
(98, 17),
(157, 4),
(201, 101),
(20, 81),
(140, 103),
(153, 167),
(23, 30),
(85, 12),
(95, 15),
(129, 25),
(127, 15),
(177, 25),
(100, 4),
(61, 4),
(117, 16),
(28, 12),
(201, 101),
(156, 13),
(19, 9),
(37, 4),
(212, 48),
(179, 54),
(57, 9),
(162, 120),
(115, 101),
(140, 167),
(82, 4),
(61, 4),
(75, 241),
(156, 101),
(5, 101),
(176, 101),
(62, 12),
(162, 120),
(31, 83),
(191, 54),
(72, 223),
(76, 15),
(81, 4),
(126, 151),
(153, 167),
(66, 13),
(201, 114),
(143, 167),
(83, 4),
(71, 19),
(105, 13),
(116, 4),
(25, 18),
(50, 42),
(81, 13),
(93, 71),
(118, 4),
(162, 78),
(90, 167),
(189, 15),
(61, 13),
(97, 13),
(63, 54),
(41, 48),
(20, 81),
(81, 4),
(75, 4),
(27, 101),
(87, 180),
(58, 17),
(189, 101),
(114, 13),
(142, 221),
(52, 4),
(51, 101),
(38, 16),
(56, 25),
(97, 13),
(1, 101),
(119, 44),
(81, 4),
(190, 101),
(23, 101),
(13, 13),
(88, 4),
(10, 81),
(35, 12),
(120, 101),
(77, 167),
(77, 4),
(62, 12),
(127, 15),
(71, 30),
(102, 41),
(109, 12),
(92, 71),
(77, 13),
(179, 54),
(27, 101),
(3, 4),
(23, 97),
(96, 114),
(165, 18),
(144, 13),
(26, 242),
(94, 54),
(121, 13),
(125, 13),
(55, 54),
(33, 15),
(62, 13),
(140, 243),
(81, 4),
(98, 13),
(83, 4),
(30, 15),
(41, 244),
(189, 245),
(148, 206),
(162, 16),
(84, 178),
(128, 167),
(59, 13),
(92, 29),
(81, 13),
(19, 9),
(109, 246),
(189, 25),
(108, 4),
(128, 42),
(24, 9),
(76, 4),
(141, 247),
(126, 248),
(91, 4),
(88, 4),
(180, 167),
(78, 4),
(25, 4),
(10, 81),
(146, 151),
(128, 11),
(63, 54),
(56, 224),
(135, 13),
(99, 4),
(95, 151),
(34, 76),
(60, 29),
(126, 13),
(13, 4),
(87, 167),
(41, 244),
(126, 221),
(91, 30),
(24, 18),
(55, 25),
(131, 9),
(63, 54),
(20, 51),
(145, 4),
(95, 4),
(188, 13),
(160, 13),
(98, 13),
(28, 15),
(51, 13),
(1, 101),
(72, 71),
(25, 40),
(6, 5),
(85, 12),
(71, 15),
(140, 15),
(143, 13),
(154, 13),
(89, 101),
(82, 48),
(153, 4),
(118, 13),
(87, 180),
(97, 13),
(91, 193),
(196, 13),
(75, 4),
(153, 167),
(204, 232),
(25, 18),
(69, 13),
(76, 4),
(108, 4),
(176, 4),
(165, 101),
(149, 101),
(112, 13),
(62, 12),
(20, 81),
(180, 167),
(66, 4),
(148, 206),
(120, 101),
(140, 15),
(68, 13),
(94, 54),
(35, 76),
(13, 4),
(41, 48),
(189, 101),
(55, 42),
(1, 97),
(84, 178),
(177, 101),
(15, 52),
(13, 40),
(82, 4),
(96, 15),
(156, 101),
(136, 15),
(85, 12),
(35, 30),
(95, 25),
(82, 4),
(111, 25),
(145, 4),
(141, 25),
(199, 151),
(172, 41),
(192, 158),
(136, 89),
(10, 81),
(83, 4),
(81, 4),
(93, 71),
(35, 54),
(63, 54),
(136, 221),
(125, 13),
(118, 92),
(117, 16),
(184, 13),
(72, 71),
(35, 15),
(88, 249),
(29, 4),
(156, 15),
(164, 4),
(95, 15),
(88, 4),
(192, 4),
(122, 4),
(89, 4),
(19, 15),
(90, 250),
(140, 13),
(127, 15),
(122, 13),
(196, 16),
(153, 13),
(118, 13),
(176, 101),
(9, 11),
(13, 4),
(135, 13),
(207, 10),
(84, 78),
(117, 101),
(81, 4),
(17, 12),
(87, 229),
(82, 251),
(109, 246),
(196, 4),
(36, 17),
(111, 25),
(159, 15),
(83, 190),
(102, 41),
(106, 186),
(66, 151),
(83, 190),
(213, 167),
(101, 4),
(1, 97),
(87, 229),
(180, 101),
(165, 13),
(10, 81),
(101, 42),
(30, 17),
(87, 229),
(121, 252),
(80, 13),
(86, 4),
(180, 13),
(87, 188),
(10, 81),
(83, 42),
(142, 13),
(114, 151),
(146, 160),
(120, 15),
(136, 4),
(189, 15),
(141, 25),
(92, 71),
(158, 84),
(72, 67),
(177, 25),
(83, 4),
(119, 9),
(120, 227),
(189, 15),
(125, 4),
(36, 25),
(18, 9),
(164, 13),
(154, 48),
(75, 25),
(156, 2),
(145, 13),
(181, 25),
(22, 13),
(83, 4),
(120, 76),
(90, 4),
(17, 15),
(184, 176),
(147, 48),
(141, 12),
(154, 101),
(210, 48),
(19, 9),
(90, 13),
(111, 25),
(109, 12),
(18, 9),
(203, 130),
(165, 101),
(76, 25),
(163, 9),
(119, 9),
(191, 4),
(132, 4),
(205, 25),
(134, 9),
(35, 12),
(87, 180),
(116, 4),
(101, 4),
(164, 4),
(146, 13),
(25, 18),
(30, 97),
(86, 13),
(83, 25),
(25, 4),
(100, 13),
(52, 4),
(90, 4),
(129, 4),
(192, 13),
(92, 48),
(121, 253),
(173, 165),
(97, 4),
(148, 151),
(35, 12),
(124, 101),
(9, 11),
(87, 13),
(72, 42),
(76, 4),
(77, 4),
(97, 4),
(81, 4),
(35, 15),
(88, 4),
(112, 13),
(104, 4),
(87, 229),
(151, 122),
(41, 48),
(72, 226),
(106, 4),
(75, 25),
(30, 97),
(120, 67),
(156, 13),
(88, 249),
(72, 42),
(199, 48),
(1, 120),
(89, 4),
(119, 54),
(111, 25),
(107, 151),
(90, 250),
(87, 42),
(129, 4),
(76, 25),
(136, 151),
(81, 4),
(93, 71),
(89, 4),
(55, 17),
(64, 19),
(119, 9),
(129, 25),
(58, 4),
(93, 13),
(35, 16),
(95, 25),
(45, 9),
(82, 12),
(143, 122),
(97, 13),
(51, 18),
(147, 30),
(99, 4),
(178, 10),
(180, 13),
(91, 4),
(55, 54),
(23, 97),
(71, 15),
(37, 25),
(61, 4),
(83, 4),
(79, 13),
(28, 12),
(90, 4),
(184, 12),
(127, 25),
(61, 4),
(148, 206),
(91, 4),
(85, 30),
(140, 4),
(82, 4),
(106, 4),
(78, 4),
(83, 190),
(91, 4),
(85, 12),
(13, 4),
(180, 101),
(161, 98),
(132, 4),
(66, 13),
(75, 4),
(99, 4),
(85, 15),
(35, 12),
(87, 180),
(108, 4),
(62, 12),
(146, 4),
(81, 4),
(148, 206),
(119, 9),
(144, 13),
(192, 4),
(78, 13),
(81, 4),
(59, 17),
(37, 25),
(99, 4),
(169, 176),
(109, 13),
(81, 42),
(87, 229),
(196, 176),
(112, 13),
(91, 4),
(1, 101),
(77, 4),
(120, 227),
(127, 25),
(55, 42),
(85, 12),
(120, 227),
(72, 226),
(99, 4),
(210, 48),
(13, 15),
(95, 15),
(10, 81),
(78, 42),
(118, 4),
(94, 54),
(59, 4),
(31, 30),
(114, 4),
(83, 4),
(89, 4),
(101, 4),
(195, 11),
(52, 13),
(57, 98),
(1, 30),
(13, 40),
(201, 9),
(90, 4),
(72, 226),
(89, 4),
(85, 15),
(13, 16),
(85, 12),
(10, 81),
(116, 4),
(114, 4),
(87, 188),
(127, 101),
(75, 4),
(1, 101),
(82, 48),
(75, 4),
(100, 17),
(117, 25),
(25, 18),
(62, 12),
(95, 151),
(109, 12),
(59, 15),
(85, 11),
(156, 15),
(82, 4),
(58, 13),
(109, 246),
(99, 4),
(17, 44),
(189, 15),
(159, 4),
(92, 48),
(25, 4),
(26, 25),
(136, 15),
(68, 42),
(63, 4),
(87, 229),
(208, 4),
(111, 4),
(109, 12),
(83, 198),
(88, 42),
(89, 4),
(82, 4),
(122, 13),
(1, 120),
(76, 4),
(91, 4),
(120, 67),
(90, 4),
(121, 13),
(132, 4),
(89, 48),
(104, 254),
(92, 48),
(38, 120),
(165, 13),
(121, 13),
(63, 54),
(85, 12),
(141, 4),
(87, 188),
(114, 13),
(83, 4),
(99, 13),
(112, 4),
(150, 4),
(82, 4),
(141, 25),
(212, 48),
(71, 15),
(147, 30),
(189, 101),
(196, 16),
(57, 9),
(63, 54),
(127, 25),
(181, 25),
(146, 13),
(89, 4),
(1, 101),
(72, 223),
(66, 42),
(55, 54),
(63, 4),
(1, 30),
(162, 16),
(198, 4),
(150, 255),
(72, 226),
(141, 25),
(97, 4),
(164, 4),
(82, 256),
(127, 15),
(76, 42),
(212, 48),
(59, 4),
(119, 9),
(120, 227),
(165, 15),
(72, 226),
(58, 4),
(92, 71),
(97, 4),
(128, 25),
(19, 15),
(36, 25),
(205, 2),
(87, 229),
(37, 12),
(136, 89),
(97, 13),
(142, 4),
(84, 78),
(87, 180),
(128, 4),
(55, 54),
(98, 4),
(85, 12),
(87, 229),
(95, 25),
(76, 25),
(24, 9),
(169, 13),
(82, 13),
(83, 25),
(161, 98),
(61, 13),
(155, 4),
(81, 13),
(122, 4),
(72, 222),
(75, 4),
(156, 13),
(184, 13),
(132, 4),
(159, 13),
(57, 15),
(30, 15),
(200, 9),
(194, 25),
(150, 13),
(100, 257),
(83, 42),
(160, 258),
(125, 4),
(95, 25),
(161, 98),
(1, 97),
(30, 15),
(87, 180),
(82, 4),
(135, 173),
(51, 18),
(201, 54),
(61, 13),
(125, 13),
(155, 13),
(92, 71),
(99, 13),
(99, 4),
(143, 4),
(106, 4),
(114, 4),
(135, 237),
(30, 97),
(126, 13),
(199, 42),
(35, 12),
(194, 78),
(87, 229),
(115, 4),
(186, 25),
(125, 4),
(3, 25),
(136, 15),
(142, 4),
(192, 17),
(160, 4),
(57, 9),
(82, 4),
(109, 12),
(23, 97),
(13, 13),
(96, 15),
(120, 101),
(196, 13),
(155, 4),
(72, 226),
(141, 12),
(99, 4),
(160, 258),
(132, 4),
(114, 4),
(112, 4),
(56, 224),
(77, 4),
(81, 4),
(75, 25),
(63, 4),
(151, 101),
(208, 4),
(72, 67),
(128, 25),
(102, 41),
(127, 4),
(109, 246),
(109, 13),
(159, 13),
(128, 25),
(210, 4),
(212, 48),
(64, 19),
(164, 4),
(147, 101),
(160, 4),
(116, 13),
(127, 25),
(131, 17),
(1, 97),
(129, 25),
(142, 4),
(88, 249),
(25, 4),
(179, 23),
(150, 13),
(95, 17),
(109, 13),
(89, 207),
(87, 180),
(196, 13),
(125, 4),
(106, 4),
(125, 48),
(71, 15),
(95, 4),
(97, 4),
(146, 4),
(146, 13),
(164, 4),
(183, 4),
(115, 4),
(89, 4),
(36, 25),
(88, 249),
(134, 84),
(188, 17),
(136, 15),
(143, 4),
(61, 4),
(155, 13),
(153, 109),
(17, 16),
(10, 81),
(131, 9),
(25, 18),
(33, 15),
(119, 9),
(24, 101),
(191, 139),
(84, 56),
(95, 224),
(10, 81),
(23, 97),
(194, 15),
(115, 13),
(125, 4),
(118, 4),
(205, 15),
(164, 4),
(144, 4),
(72, 226),
(111, 4),
(176, 4),
(188, 13),
(100, 13),
(10, 81),
(1, 97),
(25, 4),
(59, 4),
(64, 41),
(140, 13),
(127, 25),
(99, 4),
(24, 9),
(151, 105),
(156, 26),
(61, 4),
(116, 4),
(77, 4),
(35, 30),
(121, 4),
(190, 15),
(151, 67),
(193, 100),
(121, 13),
(114, 4),
(94, 4),
(119, 16),
(76, 25),
(161, 9),
(3, 4),
(191, 54),
(125, 4),
(25, 40),
(189, 25),
(118, 92),
(177, 4),
(163, 9),
(160, 4),
(75, 241),
(128, 4),
(3, 4),
(86, 13),
(160, 13),
(121, 4),
(126, 248),
(33, 4),
(64, 9),
(118, 4),
(125, 4),
(24, 9),
(160, 4),
(53, 12),
(136, 4),
(141, 4),
(181, 25),
(97, 4),
(25, 101),
(164, 4),
(144, 4),
(149, 101),
(112, 4),
(118, 4),
(95, 224),
(106, 25),
(87, 13),
(116, 13),
(92, 48),
(114, 4),
(212, 48),
(25, 4),
(89, 207),
(115, 4),
(87, 229),
(116, 4),
(90, 4),
(132, 4),
(141, 4),
(94, 4),
(118, 13),
(177, 25),
(160, 4),
(165, 16),
(187, 10),
(116, 4),
(187, 259),
(144, 4),
(111, 4),
(122, 4),
(99, 4),
(89, 48),
(143, 4),
(108, 13),
(61, 4),
(82, 48),
(196, 16),
(120, 67),
(143, 4),
(145, 4),
(42, 4),
(119, 9),
(216, 260),
(115, 4),
(149, 4),
(97, 4),
(208, 48),
(159, 4),
(125, 48),
(90, 42),
(87, 42),
(149, 4),
(92, 48),
(56, 12),
(88, 249),
(140, 4),
(208, 4),
(189, 101),
(75, 42),
(184, 261),
(82, 256),
(154, 101),
(81, 13),
(160, 4),
(56, 12),
(177, 25),
(157, 4),
(193, 101),
(117, 4),
(204, 97),
(149, 4),
(105, 218),
(160, 4),
(142, 4),
(164, 13),
(63, 4),
(207, 97),
(127, 4),
(132, 4),
(146, 4),
(87, 229),
(160, 4),
(117, 25),
(211, 262),
(95, 25),
(129, 4),
(82, 256),
(135, 237),
(112, 4),
(55, 54),
(18, 9),
(156, 4),
(145, 13),
(61, 4),
(56, 224),
(208, 4),
(132, 4),
(129, 25),
(119, 9),
(128, 4),
(118, 4),
(30, 97),
(75, 215),
(89, 263),
(87, 42),
(59, 4),
(95, 224),
(109, 13),
(33, 4),
(46, 9),
(159, 4),
(64, 48),
(208, 4),
(51, 12),
(127, 4),
(179, 54),
(95, 4),
(118, 4),
(184, 13),
(122, 4),
(131, 9),
(128, 4),
(115, 4),
(141, 12),
(172, 4),
(186, 4),
(146, 4),
(119, 9),
(145, 4),
(78, 13),
(97, 4),
(68, 13),
(164, 13),
(112, 4),
(51, 12),
(156, 4),
(82, 13),
(211, 42),
(17, 101),
(204, 97),
(129, 4),
(140, 4),
(160, 4),
(181, 25),
(75, 215),
(136, 4),
(146, 4),
(112, 4),
(31, 97),
(33, 4),
(127, 4),
(189, 245),
(86, 4),
(127, 4),
(53, 12),
(115, 13),
(159, 4),
(60, 29),
(204, 97),
(95, 4),
(92, 29),
(97, 13),
(183, 4),
(144, 4),
(188, 13),
(125, 13),
(119, 9),
(194, 6),
(149, 4),
(181, 4),
(51, 12),
(33, 4),
(56, 117),
(127, 25),
(136, 4),
(146, 4),
(25, 4),
(140, 4),
(10, 81),
(125, 42),
(13, 4),
(58, 264),
(25, 40),
(119, 9),
(144, 4),
(95, 25),
(121, 4),
(189, 245),
(75, 25),
(194, 4),
(160, 4),
(160, 258),
(127, 25),
(89, 263),
(114, 211),
(172, 4),
(39, 9),
(81, 13),
(119, 9),
(114, 13),
(13, 40),
(117, 16),
(56, 117),
(142, 129),
(61, 4),
(135, 237),
(99, 13),
(208, 48),
(143, 13),
(132, 265),
(180, 4),
(189, 25),
(56, 224),
(25, 4),
(89, 25),
(105, 218),
(159, 4),
(160, 258),
(17, 29),
(186, 4),
(51, 12),
(23, 30),
(100, 257),
(31, 97),
(121, 266),
(97, 42),
(59, 101),
(144, 13),
(177, 4),
(24, 9),
(56, 117),
(59, 101),
(173, 13),
(142, 267),
(211, 262),
(179, 44),
(95, 224),
(146, 4),
(82, 4),
(127, 4),
(211, 262),
(190, 4),
(165, 13),
(177, 4),
(141, 4),
(114, 220),
(172, 4),
(192, 13),
(183, 4),
(184, 261),
(188, 4),
(159, 4),
(33, 4),
(56, 117),
(164, 42),
(141, 25),
(173, 4),
(121, 4),
(183, 205),
(15, 52),
(183, 4),
(95, 224),
(160, 13),
(94, 4),
(140, 13),
(149, 4),
(205, 4),
(90, 250),
(56, 12),
(24, 9),
(132, 13),
(188, 4),
(140, 4),
(121, 4),
(173, 13),
(119, 9),
(109, 13),
(149, 4),
(155, 4),
(117, 4),
(159, 13),
(183, 4),
(75, 268),
(118, 16),
(51, 12),
(181, 4),
(136, 4),
(122, 269),
(95, 224),
(140, 4),
(117, 4),
(173, 4),
(33, 4),
(120, 101),
(131, 9),
(56, 117),
(184, 13),
(147, 101),
(189, 245),
(117, 4),
(95, 224),
(122, 270),
(84, 78),
(86, 4),
(132, 17),
(179, 97),
(56, 224),
(140, 4),
(156, 4),
(131, 9),
(37, 12),
(186, 25),
(121, 266),
(118, 113),
(161, 101),
(13, 13),
(95, 4),
(129, 25),
(68, 271),
(204, 42),
(119, 9),
(151, 176),
(92, 42),
(149, 4),
(198, 4),
(117, 25),
(126, 248),
(42, 4),
(64, 9),
(119, 16),
(181, 4),
(95, 42),
(141, 115),
(77, 13),
(95, 228),
(111, 25),
(117, 4),
(94, 4),
(95, 25),
(114, 13),
(176, 114),
(147, 4),
(177, 4),
(205, 4),
(131, 9),
(149, 13),
(94, 4),
(173, 4),
(25, 101),
(177, 4),
(114, 220),
(177, 25),
(122, 270),
(119, 9),
(120, 227),
(177, 4),
(189, 245),
(196, 4),
(151, 16),
(63, 4),
(112, 13),
(150, 13),
(120, 227),
(90, 6),
(90, 3),
(90, 2),
(90, 6),
(86, 4),
(86, 21),
(86, 167),
(164, 17),
(164, 106),
(164, 272),
(164, 20),
(164, 13),
(164, 21),
(164, 6),
(164, 21),
(150, 13),
(150, 21),
(150, 158),
(150, 151),
(144, 13),
(144, 21),
(144, 167),
(41, 189),
(41, 6),
(41, 2),
(41, 101),
(115, 21),
(105, 2),
(105, 103),
(56, 224),
(56, 25),
(56, 117),
(56, 12),
(20, 51),
(20, 106),
(20, 2),
(20, 81),
(193, 100),
(193, 2),
(193, 109),
(184, 20),
(184, 2),
(184, 16),
(95, 25),
(95, 4),
(95, 2),
(95, 11),
(95, 6),
(95, 228),
(95, 48),
(95, 151),
(95, 167),
(88, 42),
(88, 249),
(88, 3),
(88, 2),
(129, 219),
(129, 21),
(129, 101),
(129, 151),
(188, 21),
(188, 101),
(147, 2),
(147, 48),
(208, 21),
(208, 6),
(208, 1),
(208, 48),
(180, 21),
(180, 167),
(180, 151),
(192, 21),
(192, 273),
(7, 13),
(7, 6),
(140, 243),
(140, 37),
(140, 2),
(202, 19),
(202, 92),
(202, 19),
(82, 13),
(82, 12),
(82, 13),
(82, 2),
(127, 4),
(127, 2),
(127, 101),
(127, 274),
(127, 275),
(72, 101),
(72, 67),
(72, 2),
(177, 21),
(177, 83),
(58, 6),
(58, 2),
(58, 76),
(111, 2),
(111, 15),
(37, 92),
(37, 37),
(37, 2),
(37, 276),
(37, 42),
(37, 16),
(160, 13),
(160, 4),
(160, 21),
(160, 123),
(109, 13),
(109, 2),
(109, 6),
(109, 167),
(26, 154),
(26, 277),
(26, 242),
(76, 25),
(76, 6),
(76, 20),
(76, 24),
(76, 4),
(76, 2),
(145, 2),
(145, 103),
(186, 114),
(186, 101),
(50, 3),
(50, 2),
(50, 103),
(50, 167),
(136, 2),
(136, 6),
(34, 6),
(34, 91),
(34, 101),
(34, 48),
(100, 6),
(100, 2),
(100, 6),
(121, 253),
(121, 252),
(121, 3),
(121, 21),
(121, 142),
(121, 167),
(152, 24),
(122, 270),
(122, 37),
(122, 20),
(122, 21),
(189, 2),
(189, 19),
(189, 176),
(14, 25),
(166, 2),
(143, 20),
(143, 4),
(143, 2),
(143, 167),
(149, 2),
(149, 101),
(196, 167),
(196, 2),
(196, 101),
(196, 167),
(61, 2),
(61, 6),
(49, 71),
(21, 31),
(21, 99),
(21, 146),
(21, 12),
(10, 14),
(10, 25),
(10, 14),
(10, 117),
(10, 2),
(10, 76),
(60, 4),
(60, 21),
(60, 114),
(155, 13),
(155, 4),
(155, 2),
(132, 2),
(132, 151),
(141, 21),
(141, 115),
(141, 278),
(141, 21),
(106, 14),
(106, 4),
(106, 128),
(106, 149),
(117, 21),
(117, 151),
(117, 16),
(159, 2),
(159, 42),
(197, 144),
(116, 13),
(116, 20),
(116, 21),
(116, 114),
(125, 101),
(125, 2),
(125, 101),
(125, 48),
(125, 101),
(173, 21),
(66, 6),
(66, 2),
(66, 6),
(66, 167),
(92, 104),
(92, 68),
(92, 14),
(92, 98),
(92, 6),
(92, 231),
(92, 279),
(181, 21),
(22, 6),
(22, 13),
(22, 2),
(114, 37),
(114, 20),
(114, 2),
(78, 20),
(78, 21),
(78, 42),
(78, 280),
(47, 281),
(83, 20),
(83, 282),
(83, 21),
(83, 6),
(83, 101),
(83, 198),
(83, 91),
(83, 42),
(77, 2),
(77, 15),
(77, 167),
(154, 13),
(154, 21),
(154, 103),
(154, 101),
(154, 151),
(154, 48),
(108, 2),
(108, 140),
(97, 103),
(97, 37),
(97, 13),
(97, 4),
(97, 2),
(146, 283),
(146, 20),
(146, 21),
(146, 6),
(146, 200),
(68, 2),
(68, 15),
(68, 50),
(68, 284),
(135, 2),
(135, 42),
(135, 13),
(15, 6),
(15, 52),
(183, 2),
(183, 285),
(81, 13),
(81, 2),
(81, 48),
(142, 4),
(142, 2),
(142, 114),
(142, 101),
(142, 151),
(142, 101),
(93, 13),
(93, 2),
(93, 15),
(93, 71),
(93, 111),
(75, 112),
(75, 20),
(75, 17),
(75, 21),
(75, 11),
(75, 42),
(153, 2),
(126, 2),
(99, 2),
(213, 2),
(213, 101),
(89, 6),
(89, 2),
(89, 168),
(89, 207),
(89, 76),
(190, 84),
(190, 151),
(43, 14),
(43, 6),
(43, 14),
(43, 39),
(52, 2),
(112, 15),
(112, 21),
(112, 151),
(112, 101),
(112, 48),
(148, 54),
(148, 30),
(148, 21),
(148, 1),
(44, 101),
(44, 21),
(44, 19),
(44, 151),
(48, 65),
(128, 176),
(128, 2),
(128, 6),
(128, 101),
(128, 42),
(118, 176),
(118, 4),
(118, 2),
(118, 4),
(167, 24),
(167, 6),
(101, 4),
(101, 135),
(101, 101),
(91, 92),
(91, 4),
(91, 11),
(91, 193),
(91, 101),
(91, 151),
(73, 21),
(73, 58),
(73, 3),
(40, 286),
(113, 79),
(113, 47),
(40, 141),
(79, 13),
(209, 21),
(206, 19),
(130, 19),
(130, 101),
(137, 101),
(137, 29),
(137, 44),
(8, 37),
(55, 25),
(55, 21),
(199, 167),
(210, 6),
(210, 101),
(210, 48),
(107, 2),
(185, 30),
(185, 287),
(185, 21),
(212, 174),
(212, 240),
(212, 177),
(32, 6),
(32, 151),
(211, 42),
(163, 24),
(163, 11),
(163, 6),
(163, 1),
(5, 6),
(51, 18),
(51, 101),
(176, 13),
(176, 114),
(176, 101),
(176, 16),
(19, 101),
(19, 16),
(19, 9),
(25, 3),
(25, 15),
(25, 101),
(25, 40),
(33, 17),
(33, 15),
(33, 101),
(179, 114),
(179, 23),
(27, 37),
(27, 80),
(27, 101),
(42, 4),
(94, 13),
(94, 6),
(94, 120),
(94, 54),
(94, 13),
(36, 25),
(36, 4),
(36, 11),
(36, 6),
(57, 98),
(57, 3),
(57, 6),
(161, 3),
(161, 9),
(161, 101),
(62, 13),
(62, 17),
(62, 1),
(217, 19),
(217, 9),
(217, 19),
(217, 9),
(217, 83),
(6, 48),
(3, 25),
(3, 4),
(98, 13),
(98, 17),
(98, 103),
(98, 101),
(98, 1),
(98, 101),
(59, 37),
(59, 16),
(17, 19),
(17, 288),
(17, 26),
(69, 13),
(131, 17),
(131, 9),
(131, 103),
(131, 101),
(131, 48),
(131, 101),
(131, 9),
(63, 3),
(63, 101),
(1, 97),
(1, 101),
(23, 30),
(85, 30),
(28, 101),
(18, 9),
(18, 19),
(162, 9),
(162, 178),
(162, 120),
(162, 9),
(38, 41),
(38, 4),
(38, 19),
(30, 3),
(119, 37),
(119, 9),
(119, 120),
(119, 54),
(119, 44),
(119, 1),
(119, 37),
(119, 1),
(31, 37),
(31, 30),
(31, 19),
(31, 101),
(31, 83),
(31, 48),
(12, 12),
(12, 11),
(157, 4),
(134, 84),
(134, 9),
(158, 84),
(158, 9),
(53, 6),
(65, 3),
(35, 15),
(35, 6),
(35, 54),
(35, 200),
(35, 16),
(35, 200),
(80, 3),
(46, 3),
(46, 101),
(46, 42),
(46, 3),
(71, 37),
(71, 30),
(71, 1),
(29, 11),
(29, 6),
(29, 11),
(168, 54),
(207, 97),
(207, 101),
(207, 16),
(54, 80),
(54, 19),
(54, 101),
(70, 101),
(70, 1),
(70, 101),
(70, 1),
(201, 9),
(201, 114),
(201, 101),
(203, 114),
(24, 37),
(24, 30),
(24, 19),
(24, 18),
(24, 15),
(24, 9),
(24, 19),
(24, 101),
(24, 19),
(24, 30),
(24, 19),
(24, 30),
(24, 19),
(24, 15),
(191, 103),
(191, 54),
(16, 3),
(170, 9),
(170, 101),
(170, 54),
(67, 80),
(67, 101),
(67, 1),
(96, 9),
(96, 15),
(96, 114),
(96, 101),
(96, 151),
(96, 9),
(195, 4),
(195, 6),
(39, 19),
(39, 101),
(110, 37),
(110, 30),
(110, 19),
(110, 101),
(110, 1),
(123, 37),
(123, 80),
(123, 9),
(123, 19),
(123, 101),
(123, 1),
(123, 50),
(102, 41),
(102, 3),
(102, 30),
(102, 114),
(102, 30),
(103, 101),
(103, 1),
(175, 37),
(175, 19),
(175, 101),
(178, 37),
(178, 101),
(178, 10),
(120, 20),
(120, 67),
(120, 15),
(120, 227),
(120, 26),
(84, 78),
(84, 289),
(84, 20),
(84, 178),
(84, 6),
(84, 101),
(84, 290),
(84, 145),
(84, 151),
(151, 16),
(151, 76),
(151, 4),
(165, 6),
(165, 200),
(165, 18),
(156, 13),
(156, 4),
(156, 76),
(156, 6),
(156, 4),
(104, 6),
(104, 42),
(218, 17),
(169, 101),
(174, 3),
(216, 15),
(205, 42),
(187, 19),
(187, 259),
(187, 20),
(187, 10),
(90, 6),
(86, 6),
(86, 13),
(86, 6),
(164, 6),
(164, 91),
(164, 6),
(164, 91),
(164, 6),
(164, 91),
(164, 6),
(164, 234),
(150, 4),
(150, 13),
(150, 4),
(150, 13),
(144, 13),
(144, 103),
(41, 6),
(115, 6),
(56, 20),
(56, 4),
(56, 224),
(56, 4),
(56, 224),
(56, 42),
(20, 51),
(20, 28),
(20, 6),
(20, 51),
(20, 6),
(20, 81),
(193, 100),
(193, 4),
(193, 100),
(184, 54),
(95, 25),
(95, 61),
(95, 6),
(95, 167),
(95, 4),
(95, 6),
(95, 224),
(88, 57),
(88, 6),
(129, 177),
(188, 103),
(188, 4),
(147, 30),
(147, 4),
(208, 6),
(208, 101),
(208, 6),
(208, 48),
(180, 13),
(180, 103),
(180, 4),
(180, 13),
(180, 103),
(192, 103),
(192, 13),
(192, 103),
(192, 273),
(140, 103),
(140, 20),
(140, 13),
(202, 19),
(82, 124),
(82, 6),
(82, 13),
(82, 124),
(127, 6),
(127, 91),
(127, 6),
(127, 42),
(127, 275),
(72, 6),
(177, 4),
(177, 6),
(58, 20),
(58, 6),
(58, 167),
(58, 6),
(111, 6),
(37, 43),
(37, 6),
(37, 17),
(160, 6),
(160, 291),
(160, 123),
(109, 6),
(109, 134),
(109, 6),
(26, 20),
(26, 167),
(76, 6),
(76, 24),
(76, 6),
(76, 24),
(76, 25),
(76, 15),
(145, 4),
(145, 13),
(145, 4),
(186, 114),
(50, 103),
(136, 6),
(136, 91),
(136, 89),
(136, 6),
(136, 91),
(34, 45),
(34, 91),
(100, 6),
(121, 114),
(121, 4),
(121, 114),
(122, 20),
(122, 292),
(122, 6),
(122, 269),
(122, 292),
(189, 19),
(189, 25),
(189, 15),
(14, 6),
(14, 101),
(14, 1),
(166, 4),
(166, 6),
(143, 6),
(143, 293),
(143, 6),
(143, 17),
(149, 6),
(149, 13),
(149, 6),
(196, 6),
(196, 4),
(196, 6),
(196, 4),
(61, 4),
(61, 6),
(61, 15),
(61, 6),
(49, 19),
(21, 92),
(21, 27),
(21, 95),
(21, 146),
(21, 31),
(21, 131),
(21, 12),
(21, 31),
(21, 76),
(21, 65),
(21, 86),
(10, 25),
(10, 81),
(10, 117),
(10, 12),
(10, 71),
(60, 114),
(155, 85),
(155, 13),
(155, 4),
(155, 13),
(155, 4),
(155, 294),
(132, 103),
(141, 6),
(141, 91),
(141, 25),
(141, 6),
(141, 76),
(141, 6),
(106, 6),
(106, 149),
(106, 6),
(106, 128),
(106, 149),
(117, 6),
(117, 16),
(159, 114),
(116, 13),
(125, 6),
(125, 91),
(125, 76),
(125, 6),
(173, 4),
(66, 6),
(66, 91),
(66, 101),
(92, 60),
(92, 175),
(181, 103),
(181, 25),
(181, 42),
(22, 195),
(114, 103),
(114, 109),
(78, 6),
(78, 13),
(78, 6),
(83, 6),
(77, 76),
(77, 13),
(154, 20),
(154, 13),
(154, 4),
(154, 13),
(154, 4),
(154, 13),
(154, 48),
(154, 4),
(154, 15),
(154, 101),
(108, 167),
(108, 140),
(97, 13),
(97, 103),
(146, 6),
(146, 76),
(146, 6),
(146, 13),
(146, 17),
(68, 20),
(68, 6),
(135, 173),
(135, 167),
(15, 4),
(15, 52),
(15, 13),
(15, 52),
(183, 6),
(183, 13),
(183, 6),
(81, 6),
(81, 91),
(142, 114),
(142, 267),
(93, 6),
(75, 25),
(75, 167),
(75, 91),
(75, 192),
(75, 11),
(75, 91),
(153, 13),
(153, 4),
(153, 6),
(153, 4),
(153, 101),
(153, 41),
(153, 13),
(153, 6),
(153, 41),
(153, 4),
(126, 114),
(126, 248),
(99, 6),
(213, 4),
(213, 6),
(213, 167),
(213, 4),
(213, 6),
(89, 25),
(89, 6),
(89, 207),
(89, 76),
(89, 25),
(190, 6),
(190, 25),
(190, 6),
(190, 25),
(190, 4),
(190, 15),
(190, 4),
(190, 84),
(52, 20),
(52, 6),
(52, 13),
(112, 6),
(148, 6),
(48, 86),
(128, 25),
(128, 295),
(128, 221),
(128, 6),
(128, 92),
(128, 4),
(128, 42),
(118, 6),
(167, 6),
(101, 135),
(91, 19),
(204, 19),
(73, 3),
(40, 110),
(209, 19),
(206, 19),
(137, 19),
(8, 34),
(8, 6),
(8, 101),
(55, 4),
(199, 91),
(210, 6),
(32, 6),
(32, 24),
(211, 91),
(163, 6),
(51, 12),
(51, 6),
(51, 3),
(51, 6),
(51, 13),
(51, 18),
(51, 12),
(51, 6),
(176, 4),
(176, 13),
(176, 114),
(176, 4),
(176, 101),
(176, 114),
(176, 101),
(19, 19),
(19, 28),
(19, 3),
(19, 37),
(19, 101),
(25, 20),
(25, 13),
(25, 3),
(25, 6),
(25, 40),
(25, 4),
(25, 13),
(25, 101),
(25, 13),
(25, 18),
(25, 15),
(25, 40),
(33, 13),
(33, 4),
(33, 103),
(33, 4),
(33, 103),
(33, 13),
(33, 103),
(33, 13),
(33, 103),
(33, 4),
(33, 103),
(33, 17),
(33, 13),
(33, 4),
(33, 103),
(179, 114),
(179, 54),
(179, 23),
(179, 97),
(179, 54),
(139, 4),
(139, 13),
(139, 4),
(42, 3),
(42, 4),
(42, 6),
(42, 4),
(94, 6),
(94, 54),
(94, 6),
(94, 4),
(94, 13),
(94, 6),
(94, 13),
(36, 25),
(36, 11),
(36, 6),
(36, 3),
(57, 98),
(57, 6),
(57, 3),
(57, 15),
(57, 9),
(161, 98),
(161, 6),
(161, 9),
(161, 98),
(161, 6),
(161, 9),
(161, 6),
(161, 3),
(161, 6),
(161, 9),
(161, 6),
(62, 76),
(62, 6),
(62, 17),
(98, 4),
(98, 13),
(98, 4),
(98, 15),
(98, 103),
(98, 15),
(98, 103),
(98, 13),
(98, 103),
(98, 4),
(98, 103),
(98, 15),
(98, 4),
(98, 13),
(98, 4),
(98, 1),
(98, 17),
(98, 4),
(59, 11),
(59, 13),
(59, 6),
(59, 15),
(59, 3),
(59, 6),
(59, 37),
(59, 13),
(59, 20),
(59, 13),
(59, 6),
(59, 4),
(59, 17),
(59, 4),
(59, 15),
(59, 50),
(17, 29),
(17, 15),
(17, 29),
(17, 19),
(17, 26),
(17, 29),
(69, 101),
(131, 103),
(131, 9),
(131, 103),
(131, 9),
(131, 103),
(131, 9),
(131, 17),
(131, 9),
(131, 17),
(131, 9),
(131, 37),
(131, 9),
(64, 19),
(64, 9),
(64, 41),
(64, 9),
(64, 19),
(64, 9),
(64, 19),
(64, 3),
(64, 12),
(64, 41),
(64, 12),
(64, 48),
(64, 12),
(64, 19),
(63, 13),
(63, 3),
(63, 4),
(63, 6),
(63, 54),
(63, 4),
(63, 76),
(63, 6),
(63, 4),
(63, 6),
(63, 54),
(63, 4),
(1, 18),
(1, 19),
(23, 19),
(23, 101),
(23, 20),
(23, 19),
(23, 97),
(85, 3),
(85, 6),
(85, 30),
(85, 11),
(85, 12),
(28, 6),
(18, 3),
(18, 54),
(18, 15),
(162, 78),
(162, 120),
(162, 78),
(162, 16),
(38, 3),
(38, 4),
(38, 29),
(38, 41),
(38, 4),
(38, 41),
(38, 29),
(38, 4),
(38, 50),
(38, 29),
(38, 41),
(30, 15),
(30, 11),
(30, 15),
(30, 19),
(30, 30),
(30, 11),
(30, 20),
(30, 30),
(30, 19),
(119, 103),
(119, 9),
(119, 103),
(119, 9),
(119, 103),
(119, 54),
(119, 16),
(172, 6),
(172, 41),
(172, 6),
(31, 97),
(31, 83),
(31, 3),
(31, 83),
(31, 20),
(31, 83),
(31, 37),
(31, 83),
(31, 101),
(31, 97),
(31, 37),
(31, 48),
(31, 30),
(31, 97),
(31, 48),
(157, 6),
(157, 92),
(157, 4),
(157, 6),
(157, 4),
(157, 6),
(157, 4),
(157, 92),
(134, 9),
(134, 6),
(134, 9),
(134, 6),
(134, 84),
(158, 9),
(158, 84),
(158, 6),
(158, 101),
(158, 6),
(53, 12),
(53, 6),
(53, 12),
(53, 24),
(65, 3),
(65, 4),
(35, 15),
(35, 76),
(35, 3),
(35, 16),
(35, 6),
(35, 30),
(35, 6),
(35, 15),
(35, 54),
(13, 6),
(13, 13),
(13, 15),
(13, 6),
(13, 3),
(13, 6),
(13, 16),
(13, 13),
(13, 17),
(13, 16),
(13, 15),
(80, 15),
(80, 13),
(80, 101),
(80, 15),
(80, 4),
(80, 103),
(80, 4),
(80, 13),
(80, 15),
(80, 103),
(80, 101),
(46, 9),
(46, 6),
(46, 98),
(46, 6),
(46, 42),
(71, 101),
(71, 30),
(71, 101),
(71, 30),
(71, 19),
(71, 15),
(71, 19),
(71, 101),
(71, 15),
(71, 19),
(71, 101),
(29, 13),
(168, 76),
(168, 54),
(168, 6),
(168, 54),
(45, 6),
(207, 101),
(207, 114),
(207, 97),
(207, 10),
(207, 101),
(207, 10),
(207, 97),
(207, 114),
(207, 97),
(207, 114),
(54, 19),
(70, 101),
(201, 114),
(201, 54),
(201, 9),
(201, 114),
(201, 54),
(203, 29),
(203, 130),
(24, 18),
(24, 101),
(24, 9),
(24, 18),
(191, 54),
(191, 139),
(191, 54),
(191, 4),
(67, 151),
(96, 101),
(195, 4),
(195, 11),
(195, 6),
(39, 9),
(39, 15),
(110, 30),
(110, 19),
(110, 101),
(110, 30),
(102, 41),
(102, 114),
(102, 30),
(178, 10),
(120, 20),
(120, 67),
(120, 3),
(120, 227),
(120, 76),
(120, 6),
(120, 76),
(120, 20),
(120, 6),
(120, 15),
(120, 26),
(120, 101),
(120, 76),
(120, 67),
(120, 6),
(120, 15),
(120, 26),
(120, 15),
(120, 6),
(120, 26),
(120, 201),
(120, 15),
(120, 227),
(120, 6),
(120, 101),
(120, 26),
(120, 67),
(120, 227),
(84, 78),
(84, 20),
(84, 78),
(84, 20),
(84, 15),
(84, 12),
(84, 290),
(84, 178),
(84, 6),
(84, 145),
(84, 3),
(84, 6),
(84, 145),
(84, 78),
(84, 6),
(84, 101),
(84, 145),
(84, 101),
(84, 78),
(84, 80),
(84, 56),
(84, 3),
(84, 12),
(84, 78),
(84, 101),
(84, 145),
(84, 78),
(84, 15),
(84, 145),
(84, 12),
(84, 289),
(84, 145),
(84, 12),
(84, 15),
(84, 289),
(84, 178),
(151, 4),
(151, 6),
(151, 76),
(151, 122),
(151, 67),
(151, 105),
(151, 6),
(151, 101),
(151, 16),
(151, 101),
(151, 105),
(151, 101),
(151, 105),
(151, 200),
(151, 176),
(151, 4),
(165, 20),
(165, 13),
(165, 20),
(165, 3),
(165, 200),
(165, 20),
(165, 13),
(165, 18),
(165, 4),
(165, 101),
(165, 6),
(165, 101),
(165, 122),
(165, 18),
(165, 120),
(165, 15),
(165, 122),
(165, 15),
(165, 6),
(165, 16),
(165, 176),
(165, 16),
(156, 13),
(156, 4),
(156, 76),
(156, 6),
(156, 296),
(156, 6),
(156, 13),
(156, 6),
(156, 36),
(156, 6),
(156, 13),
(156, 76),
(156, 4),
(156, 6),
(156, 15),
(156, 6),
(156, 15),
(156, 101),
(156, 36),
(156, 101),
(156, 6),
(156, 76),
(156, 3),
(156, 1),
(156, 296),
(156, 37),
(156, 4),
(156, 80),
(156, 13),
(156, 41),
(156, 4),
(156, 101),
(156, 151),
(219, 12),
(104, 92),
(104, 297),
(104, 24),
(104, 20),
(104, 76),
(104, 6),
(104, 101),
(104, 3),
(104, 24),
(104, 20),
(104, 4),
(104, 20),
(104, 169),
(104, 37),
(104, 4),
(104, 6),
(104, 101),
(200, 20),
(200, 101),
(200, 6),
(200, 42),
(200, 41),
(200, 6),
(218, 17),
(218, 71),
(218, 17),
(218, 227),
(182, 37),
(182, 176),
(182, 158),
(182, 176),
(182, 158),
(182, 29),
(169, 28),
(169, 13),
(169, 4),
(169, 127),
(169, 6),
(169, 13),
(169, 28),
(169, 161),
(169, 101),
(169, 3),
(169, 6),
(169, 161),
(169, 4),
(169, 6),
(169, 176),
(169, 4),
(174, 37),
(214, 114),
(214, 9),
(216, 260),
(216, 15),
(216, 260),
(216, 298),
(215, 9),
(215, 299),
(220, 227),
(220, 299),
(221, 300),
(222, 301),
(222, 20),
(223, 302),
(223, 303),
(194, 6),
(194, 25),
(205, 4),
(205, 15),
(205, 6),
(205, 25),
(205, 4),
(224, 304),
(187, 10),
(187, 19),
(187, 259),
(187, 10),
(187, 19),
(187, 259),
(198, 4),
(198, 15),
(198, 54),
(198, 4),
(198, 6),
(198, 54),
(198, 30),
(198, 20),
(198, 4),
(198, 20),
(198, 15);

-- --------------------------------------------------------

--
-- Tablo için tablo yapısı `facultyname`
--

CREATE TABLE `facultyname` (
  `faculty_ıd` int(3) NOT NULL,
  `faculty_name` varchar(52) DEFAULT NULL
) ENGINE=InnoDB DEFAULT CHARSET=utf8;

--
-- Tablo döküm verisi `facultyname`
--

INSERT INTO `facultyname` (`faculty_ıd`, `faculty_name`) VALUES
(1, 'Tıp Fak'),
(2, 'İlahiyat Fak'),
(3, 'Hukuk Fak'),
(4, 'İktisadi ve İdari Bilimler Fak'),
(5, 'İnsani Bilimler ve Edebiyat Fak'),
(6, 'Mühendislik Fak'),
(7, 'Cerrahpaşa Tıp Fak'),
(8, 'Yönetim Bilimleri Fak'),
(9, 'İktisadi, İdari ve Sosyal Bilimler Fak'),
(10, 'Sanat ve Sosyal Bilimler Fak'),
(11, 'Mimarlık ve Tasarım Fak'),
(12, 'İşletme Fak'),
(13, 'Fen-Edebiyat Fak'),
(14, 'Fen Fak'),
(15, 'İletişim Fak'),
(16, 'Uygulamalı Bilimler Yüksekokulu'),
(17, 'Güzel Sanatlar Fak'),
(18, 'Güzel Sanatlar Tasarım ve Mimarlık Fak'),
(19, 'Mühendislik ve Doğa Bilimleri Fak'),
(20, 'Eğitim Fak'),
(21, 'İslami İlimler Fak'),
(22, 'İstanbul Tıp Fak'),
(23, 'Sosyal Bilimler Fak'),
(24, 'Havacılık ve Uzay Bilimleri Fak'),
(25, 'Edebiyat Fak'),
(26, 'Turizm ve Otelcilik Yüksekokulu'),
(27, 'Bilgisayar ve Bilişim Fak'),
(28, 'Eğitim Bilimleri Fak'),
(29, 'Sosyal ve Beşeri Bilimler Fak'),
(30, 'İnsan ve Toplum Bilimleri Fak'),
(31, 'Elektrik-Elektronik Fak'),
(32, 'Uygulamalı Yönetim Bilimleri Yüksekokulu'),
(33, 'Mühendislik ve Teknoloji Fak'),
(34, 'Hasan Ali Yücel Eğitim Fak'),
(35, 'Hamidiye Tıp Fak'),
(36, 'Atatürk Eğitim Fak'),
(37, 'Diş Hekimliği Fak'),
(38, 'Uçak ve Uzay Bilimleri Fak'),
(39, 'Kültür ve Sosyal Bilimler Fak'),
(40, 'Ticari Bilimler Fak'),
(41, 'Güzel Sanatlar ve Tasarım Fak'),
(42, 'Turizm Fak'),
(43, 'Buca Eğitim Fak'),
(44, 'Sivil Havacılık Yüksekokulu'),
(45, 'Gazi Eğitim Fak'),
(46, 'Hava Ulaştırma Fak'),
(47, 'Gülhane Tıp Fak'),
(48, 'Uygulamalı Bilimler Fak'),
(49, 'Hamidiye Uluslararası Tıp Fak'),
(50, 'Yabancı Diller Yüksekokulu'),
(51, 'Dil ve Tarih Coğrafya Fak'),
(52, 'ODTÜ Kuzey Kıbrıs Kampusu'),
(53, 'İzmir Tıp Fak'),
(54, 'Sanat ve Tasarım Fak'),
(55, 'Bursa Tıp Fak'),
(56, 'Havacılık Yüksekokulu'),
(57, 'Necatibey Eğitim Fak'),
(58, 'Yabancı Diller Fak'),
(59, 'Meram Tıp Fak'),
(60, 'Ahmet Keleşoğlu Eğitim Fak'),
(61, 'Kazım Karabekir Eğitim Fak'),
(62, 'Adana Tıp Fak'),
(63, 'Fatih Eğitim Fak'),
(64, 'Gaziantep Eğitim Fak'),
(65, 'Makine Fak'),
(66, 'Ziya Gökalp Eğitim Fak'),
(67, 'Fen ve Edebiyat Fak'),
(68, 'Ereğli Eğitim Fak'),
(69, 'Trabzon Tıp Fak'),
(70, 'Tayfur Ata Sökmen Tıp Fak'),
(71, 'Siyasal Bilgiler Fak'),
(72, 'Erzurum Tıp Fak'),
(73, 'Ali Fuad Başgil Hukuk Fak'),
(74, 'Bayburt Eğitim Fak'),
(75, 'Dr. Fazıl Küçük Eğitim Fak'),
(76, 'Mimarlık Fak'),
(77, 'Hamidiye Diş Hekimliği Fak'),
(78, 'Beşeri Bilimler Fak'),
(79, 'Gülhane Diş Hekimliği Fak'),
(80, 'Eczacılık Fak'),
(81, 'Açık ve Uzaktan Eğitim Fak'),
(82, 'Muallim Rıfat Eğitim Fak'),
(83, 'Sanat, Tasarım ve Mimarlık Fak'),
(84, 'Güzel Sanatlar, Tasarım ve Mimarlık Fak'),
(85, 'Dede Korkut Eğitim Fak'),
(86, 'Kimya-Metalurji Fak'),
(87, 'Nizip Eğitim Fak'),
(88, 'Ahmet Keleşoğlu Diş Hekimliği Fak'),
(89, 'İnsani ve Sosyal Bilimler Fak'),
(90, 'Manavgat Turizm Fak'),
(91, 'Teknoloji Fak'),
(92, 'Denizcilik Fak'),
(93, 'Hamidiye Eczacılık Fak'),
(94, 'Tıp Fak'),
(95, 'İnşaat Fak'),
(96, 'Gülhane Eczacılık Fak'),
(97, 'İşletme ve Yönetim Bilimleri Fak'),
(98, 'Güzel Sanatlar ve Mimarlık Fak'),
(99, 'Gemi İnşaatı ve Deniz Bilimleri Fak'),
(100, 'Ardahan İnsani Bilimler ve Edebiyat Fak'),
(101, 'Sağlık Bilimleri Fak'),
(102, 'Hamidiye Yaşam Bilimleri Fak'),
(103, 'Mühendislik-Mimarlık Fak'),
(104, 'Ahmet Keleşoğlu İlahiyat Fak'),
(105, 'İletişim Bilimleri Fak'),
(106, 'Veteriner Fak'),
(107, 'Tekstil Teknolojileri ve Tasarımı Fak'),
(108, 'Gemi İnşaatı ve Denizcilik Fak'),
(109, 'Turizm İşletmeciliği ve Otelcilik Yüksekokulu'),
(110, 'Hamidiye Sağlık Bilimleri Fak'),
(111, 'Bilgisayar ve Bilişim Bilimleri Fak'),
(112, 'Beyşehir Ali Akkanat Turizm Fak'),
(113, 'Karadeniz Ereğli Turizm Fak'),
(114, 'Mühendislik ve Mimarlık Fak'),
(115, 'Safranbolu Turizm Fak'),
(116, 'Gökçeada Uygulamalı Bilimler Yüksekokulu'),
(117, 'İktisat Fak'),
(118, 'Ilgaz Turizm ve Otelcilik Yüksekokulu'),
(119, 'Hemşirelik Fak'),
(120, 'Sağlık Bilimleri Yüksekokulu'),
(121, 'Fizik Tedavi ve Rehabilitasyon Fak'),
(122, 'Turizm ve Otel İşletmeciliği Yüksekokulu'),
(123, 'Tavşanlı Uygulamalı Bilimler Fak'),
(124, 'Hasan Ferdi Turgutlu Teknoloji Fak'),
(125, 'Temel Bilimler Fak'),
(126, 'Florence Nightingale Hemşirelik Fak'),
(127, 'Mimarlık ve Güzel Sanatlar Fak'),
(128, 'Of Teknoloji Fak'),
(129, 'Ardeşen Turizm Fak'),
(130, 'Tarım ve Doğa Bilimleri Fak'),
(131, 'Maden Fak'),
(132, 'Diyarbakır Atatürk Sağlık Yüksekokulu'),
(133, 'Milas Veteriner Fak'),
(134, 'Akçakoca Turizm İşletmeciliği ve Otelcilik'),
(135, 'Rafet Kayış Mühendislik Fak'),
(136, 'Gülhane Sağlık Bilimleri Fak'),
(137, 'Ceyhan Veteriner Fak'),
(138, 'Hamidiye Hemşirelik Fak'),
(139, 'İnsani Bilimler Fak'),
(140, 'Çorlu Mühendislik Fak'),
(141, 'Gülhane Hemşirelik Fak'),
(142, 'Zile Dinçerler Turizm İşletmeciliği ve Otelcilik'),
(143, 'Fizik Tedavi ve Rehabilitasyon Yüksekokulu'),
(144, 'Yaşam ve Doğa Bilimleri Fak'),
(145, 'Uygulamalı Sosyal Bilimler Yüksekokulu'),
(146, 'İTÜ-KKTC Eğitim Araştırma Yerleşkesi'),
(147, 'Hemşirelik Yüksekokulu'),
(148, 'Kumluca Sağlık Bilimleri Fak'),
(149, 'Sürmene Deniz Bilimleri Fak'),
(150, 'Polatlı Fen-Edebiyat Fak'),
(151, 'Spor Bilimleri Fak'),
(152, 'Bucak Teknoloji Fak'),
(153, 'Fethiye Sağlık Bilimleri Fak'),
(154, 'Birgivi İslami İlimler Fak'),
(155, 'Kemaliye Hacı Ali Akın Uygulamalı Bilimler'),
(156, 'Seydişehir Sağlık Bilimleri Fak'),
(157, 'Semra ve Vefa Küçük Sağlık Bilimleri Fak'),
(158, 'Sağlık Yüksekokulu'),
(159, 'Akşehir Kadir Yallagöz Sağlık Yüksekokulu'),
(160, 'Niğde Zübeyde Hanım Sağlık Yüksekokulu'),
(161, 'Turizm ve Mutfak Sanatları Yüksekokulu'),
(162, 'Afşin Sağlık Yüksekokulu'),
(163, 'İnegöl İşletme Fak'),
(164, 'Ulaştırma ve Lojistik Fak'),
(165, 'Yusuf Şerefoğlu Sağlık Bilimleri Fak'),
(166, 'Bucak Sağlık Yüksekokulu'),
(167, 'Ziraat Fak'),
(168, 'Keşan Hakkı Yörük Sağlık Yüksekokulu'),
(169, 'Fen Edebiyat Fak'),
(170, 'Suşehri Sağlık Yüksekokulu'),
(171, 'Mimarlık, Güzel Sanatlar ve Tasarım Fak'),
(172, 'İçel Sağlık Yüksekokulu'),
(173, 'Fatsa Deniz Bilimleri Fak'),
(174, 'Develi İslami İlimler Fak'),
(175, 'Seydişehir Ahmet Cengiz Mühendislik Fak'),
(176, 'Beden Eğitimi ve Spor Yüksekokulu'),
(177, 'Mühendislik, Mimarlık ve Tasarım Fak'),
(178, 'Mimarlık, Tasarım ve Güzel Sanatlar Fak'),
(179, 'Tapu Kadastro Yüksekokulu'),
(180, 'Söke İşletme Fak'),
(181, 'Sandıklı Uygulamalı Bilimler Yüksekokulu'),
(182, 'Barbaros Hayrettin Gemi İnşaatı ve Denizcilik'),
(183, 'Sarıkamış Turizm Fak'),
(184, 'Dalaman Sivil Havacılık Yüksekokulu'),
(185, 'Gazipaşa Havacılık ve Uzay Bilimleri Fak'),
(186, 'Orman Fak'),
(187, 'Güneysu Fizik Tedavi ve Rehabilitasyon Yüksekokulu'),
(188, 'Aydın İktisat Fak'),
(189, 'Manavgat Sosyal ve Beşeri Bilimler Fak'),
(190, 'Fethiye İşletme Fak'),
(191, 'Ceyhan Mühendislik Fak'),
(192, 'Akşehir Mühendislik ve Mimarlık Fak'),
(193, 'Ömer Seyfettin Uygulamalı Bilimler Fak'),
(194, 'Turgut Kıran Denizcilik Fak'),
(195, 'Bankacılık ve Sigortacılık Yüksekokulu'),
(196, 'Sarıkaya Fizyoterapi ve Rehabilitasyon Yüksekokulu'),
(197, 'Edremit Sivil Havacılık Yüksekokulu'),
(198, 'Seydikemer Uygulamalı Bilimler Yüksekokulu'),
(199, 'Kemer Denizcilik Fak'),
(200, 'Tarım Bilimleri ve Teknolojileri Fak'),
(201, 'Bilgisayar ve Teknoloji Yüksekokulu'),
(202, 'Seyrani Ziraat Fak'),
(203, 'Erdemli Uygulamalı Teknoloji ve İşletmecilik'),
(204, 'Su Bilimleri Fak'),
(205, 'Kadirli Sosyal ve Beşeri Bilimler Fak'),
(206, 'Yalova İktisadi ve İdari Bilimler Fak'),
(207, 'Keşan Yusuf Çapraz Uygulamalı Bilimler Yüksekokulu'),
(208, 'Gölhisar Uygulamalı Bilimler Yüksekokulu'),
(209, 'Beyşehir Ali Akkanat Uygulamalı Bilimler Yüksekokulu'),
(210, 'Ziraat ve Doğa Bilimleri Fak'),
(211, 'Bucak Zeliha Tolunay Uygulamalı Teknoloji ve'),
(212, 'Moda ve Tasarım Yüksekokulu'),
(213, 'Kamil Özdağ Fen Fak'),
(214, 'Çarşamba İnsan ve Toplum Bilimleri Fak'),
(215, 'Beyşehir Ali Akkanat İşletme Fak'),
(216, 'Çanakkale Uygulamalı Bilimler Fak'),
(217, 'Safranbolu Fethi Toker Güzel Sanatlar ve Tasarım'),
(218, 'Merzifon İktisadi ve İdari Bilimler Fak'),
(219, 'Bartın Orman Fak'),
(220, 'Bucak İşletme Fak'),
(221, 'Su Ürünleri Fak'),
(222, 'Çan Uygulamalı Bilimler Yüksekokulu'),
(223, 'Biga Uygulamalı Bilimler Fak'),
(224, 'Açıköğretim Fak'),
(225, 'Tirebolu İletişim Fak'),
(226, 'Biga İktisadi ve İdari Bilimler Fak'),
(227, 'İşletme ve Ekonomi Fak'),
(228, 'Oltu Beşeri ve Sosyal Bilimler Fak'),
(229, 'Nazilli İktisadi ve İdari Bilimler Fak'),
(230, 'Ali Cavit Çelebioğlu Sivil Havacılık Yüksekokulu'),
(231, 'Ereğli Ziraat Fak'),
(232, 'Deniz Bilimleri ve Teknolojisi Fak'),
(233, 'Silifke Uygulamalı Teknoloji ve İşletmecilik'),
(234, 'Dinar Uygulamalı Bilimler Yüksekokulu'),
(235, 'Şereflikoçhisar Uygulamalı Bilimler Fak'),
(236, 'Eğirdir Su Ürünleri Fak'),
(237, 'Ünye İktisadi ve İdari Bilimler Fak'),
(238, 'Kaman Uygulamalı Bilimler Yüksekokulu'),
(239, 'Niksar Uygulamalı Bilimler Fak'),
(240, 'Develi Sosyal ve Beşeri Bilimler Fak'),
(241, 'Akşehir İktisadi ve İdari Bilimler Fak'),
(242, 'Çeşme Turizm Fak'),
(243, 'Akdağmadeni Sağlık Yüksekokulu'),
(244, 'Serik İşletme Fak'),
(245, 'Gümüşhane İktisadi ve İdari Bilimler Fak'),
(246, 'Akçakoca Bey Siyasal Bilgiler Fak'),
(247, 'Hasan Doğan Beden Eğitimi ve Spor Yüksekokulu'),
(248, 'Boyabat İktisadi ve İdari Bilimler Fak'),
(249, 'Burhaniye Uygulamalı Bilimler Yüksekokulu'),
(250, 'Gerede Uygulamalı Bilimler Fak'),
(251, 'Tütün Eksperliği Yüksekokulu'),
(252, 'Erbaa Sosyal ve Beşeri Bilimler Fak'),
(253, 'Erbaa Sağlık Bilimleri Fak'),
(254, 'Deniz İşletmeciliği ve Yönetimi Fak'),
(255, 'Patnos Sosyal Hizmetler Yüksekokulu'),
(256, 'Salihli İktisadi ve İdari Bilimler Fak'),
(257, 'İslahiye İktisadi ve İdari Bilimler Fak'),
(258, 'Kütahya Uygulamalı Bilimler Fak'),
(259, 'Ekonomi ve Yönetim Bilimleri Fak'),
(260, 'Tasarım Fak'),
(261, 'Hopa İktisadi ve İdari Bilimler Fak'),
(262, 'Büyükkutlu Uygulamalı Bilimler Fak'),
(263, 'Uzunköprü Uygulamalı Bilimler Yüksekokulu'),
(264, 'Kozan İşletme Fak'),
(265, 'Göksun Uygulamalı Bilimler Yüksekokulu'),
(266, 'Turhal Uygulamalı Bilimler Fak'),
(267, 'Fındıklı Uygulamalı Bilimler Yüksekokulu'),
(268, 'Çumra Uygulamalı Bilimler Yüksekokulu'),
(269, 'Görele Uygulamalı Bilimler Yüksekokulu'),
(270, 'Bulancak Kadir Karabaş Uygulamalı Bilimler'),
(271, 'Bafra İşletme Fak'),
(272, 'Bolvadin Uygulamalı Bilimler Fak'),
(273, 'Kanık Uygulamalı Bilimler Yüksekokulu'),
(274, 'Şarkışla Uygulamalı Bilimler Yüksekokulu'),
(275, 'Zara Veysel Dursun Uygulamalı Bilimler Yüksekokulu'),
(276, 'Necat Hepkon Spor Bilimleri Fak'),
(277, 'Ödemiş Sağlık Bilimleri Fak'),
(278, 'Türker İnanoğlu İletişim Fak'),
(279, 'Nezahat Keleşoğlu Sağlık Bilimleri Fak'),
(280, 'Takı Teknolojisi ve Tasarımı Yüksekokulu'),
(281, 'Kültür Varlıklarını Koruma ve Onarım Yüksekokulu'),
(282, 'Bodrum Güzel Sanatlar Fak'),
(283, 'Bor Sağlık Bilimleri Fak'),
(284, 'Yaşar Doğu Spor Bilimleri Fak'),
(285, 'Kadirli Uygulamalı Bilimler Fak'),
(286, 'Kayseri Tıp Fak'),
(287, 'Mühendislik Mimarlık ve Tasarım Fak'),
(288, 'Spor Bilimleri ve Teknolojisi Yüksekokulu'),
(289, 'Denizcilik ve Ulaştırma Yüksekokulu'),
(290, 'Siyasal Bilimler Fak'),
(291, 'Simav Teknoloji Fak'),
(292, 'Şebinkarahisar Uygulamalı Bilimler Yüksekokulu'),
(293, 'Siverek Uygulamalı Bilimler Fak'),
(294, 'Kağızman Uygulamalı Bilimler Yüksekokulu'),
(295, 'Erciş İşletme Fak'),
(296, 'İnşaat ve Çevre Müh Fak'),
(297, 'Deniz Bilimleri Fak'),
(298, 'Sanat Fak'),
(299, 'Mimarlık ve Mühendislik Fak'),
(300, 'Okul Öncesi Eğitim, Psikolojik Danışmanlık ve İşitme'),
(301, 'Uluslararası İlişkiler ve İşletme Fak'),
(302, 'Uluslararası İlişkiler ve Ekonomi Fak'),
(303, 'Sosyal Bilimler ve Psikoloji Fak'),
(304, 'Milli Kültür Fak');

-- --------------------------------------------------------

--
-- Tablo için tablo yapısı `university`
--

CREATE TABLE `university` (
  `uni_id` int(11) NOT NULL,
  `uni_name` varchar(100) NOT NULL,
  `uni_statu` varchar(15) NOT NULL,
  `uni_city` varchar(35) NOT NULL
) ENGINE=InnoDB DEFAULT CHARSET=utf8mb4;

--
-- Tablo döküm verisi `university`
--

INSERT INTO `university` (`uni_id`, `uni_name`, `uni_statu`, `uni_city`) VALUES
(1, 'İstanbul Medipol Üni', 'Vakıf', 'İstanbul'),
(2, 'Koç Üni', 'Vakıf', 'İstanbul'),
(3, 'İstanbul 29 Mayıs Üni', 'Vakıf', 'İstanbul'),
(4, 'Galatasaray Üni', 'Devlet', 'İstanbul'),
(5, 'Acıbadem MAA Üni', 'Vakıf', 'İstanbul'),
(6, 'İhsan Doğramacı Bilkent Üni', 'Vakıf', 'Ankara'),
(7, 'Boğaziçi Üni', 'Devlet', 'İstanbul'),
(8, 'İstanbul Üni-Cerrahpaşa', 'Devlet', 'İstanbul'),
(9, 'Tobb Ekonomi Ve Teknoloji Üni', 'Vakıf', 'Ankara'),
(10, 'İstanbul Üni', 'Devlet', 'İstanbul'),
(11, 'Sabancı Üni', 'Vakıf', 'İstanbul'),
(12, 'Özyeğin Üni', 'Vakıf', 'İstanbul'),
(13, 'Yeditepe Üni', 'Vakıf', 'İstanbul'),
(14, 'Hacettepe Üni', 'Devlet', 'Ankara'),
(15, 'Orta Doğu Teknik Üni', 'Devlet', 'Ankara'),
(16, 'İbn Haldun Üni', 'Vakıf', 'İstanbul'),
(17, 'İstanbul Bilgi Üni', 'Vakıf', 'İstanbul'),
(18, 'Kadir Has Üni', 'Vakıf', 'İstanbul'),
(19, 'Bahçeşehir Üni', 'Vakıf', 'İstanbul'),
(20, 'Ankara Üni', 'Devlet', 'Ankara'),
(21, 'İstanbul Teknik Üni', 'Devlet', 'İstanbul'),
(22, 'Marmara Üni', 'Devlet', 'İstanbul'),
(23, 'İstanbul Sabahattin Zaim Üni', 'Vakıf', 'İstanbul'),
(24, 'İstinye Üni', 'Vakıf', 'İstanbul'),
(25, 'Başkent Üni', 'Vakıf', 'Ankara'),
(26, 'Ege Üni', 'Devlet', 'İzmir'),
(27, 'Bezm-İ Âlem Vakıf Üni', 'Vakıf', 'İstanbul'),
(28, 'İzmir Ekonomi Üni', 'Vakıf', 'İzmir'),
(29, 'Ted Üni', 'Vakıf', 'Ankara'),
(30, 'Maltepe Üni', 'Vakıf', 'İstanbul'),
(31, 'İstanbul Okan Üni', 'Vakıf', 'İstanbul'),
(32, 'Eskişehir Teknik Üni', 'Devlet', 'Eskişehir'),
(33, 'Beykent Üni', 'Vakıf', 'İstanbul'),
(34, 'Gazi Üni', 'Devlet', 'Ankara'),
(35, 'Yaşar Üni', 'Vakıf', 'İzmir'),
(36, 'Fatih Sultan Mehmet Vakıf Üni', 'Vakıf', 'İstanbul'),
(37, 'Dokuz Eylül Üni', 'Devlet', 'İzmir'),
(38, 'Kto Karatay Üni', 'Vakıf', 'Konya'),
(39, 'Ankara Medipol Üni', 'Vakıf', 'Ankara'),
(40, 'Sağlık Bilimleri Üni', 'Devlet', 'İstanbul'),
(41, 'Akdeniz Üni', 'Devlet', 'Antalya'),
(42, 'Çankaya Üni', 'Vakıf', 'Ankara'),
(43, 'Türk-Alman Üni', 'Devlet', 'İstanbul'),
(44, 'Ankara Yıldırım Beyazıt Üni', 'Devlet', 'Ankara'),
(45, 'Mef Üni', 'Vakıf', 'İstanbul'),
(46, 'Antalya Bilim Üni', 'Vakıf', 'Antalya'),
(47, 'Mimar Sinan Güzel Sanatlar Üni', 'Devlet', 'İstanbul'),
(48, 'Yıldız Teknik Üni', 'Devlet', 'İstanbul'),
(49, 'İstanbul Medeniyet Üni', 'Devlet', 'İstanbul'),
(50, 'Eskişehir Osmangazi Üni', 'Devlet', 'Eskişehir'),
(51, 'Atılım Üni', 'Vakıf', 'Ankara'),
(52, 'Bursa Uludağ Üni', 'Devlet', 'Bursa'),
(53, 'Türk Hava Kurumu Üni', 'Vakıf', 'Ankara'),
(54, 'Biruni Üni', 'Vakıf', 'İstanbul'),
(55, 'Ankara Hacı Bayram Veli Üni', 'Devlet', 'Ankara'),
(56, 'Anadolu Üni', 'Devlet', 'Eskişehir'),
(57, 'Hasan Kalyoncu Üni', 'Vakıf', 'Gaziantep'),
(58, 'Çukurova Üni', 'Devlet', 'Adana'),
(59, 'İstanbul Aydın Üni', 'Vakıf', 'İstanbul'),
(60, 'İzmir Katip Çelebi Üni', 'Devlet', 'İzmir'),
(61, 'İnönü Üni', 'Devlet', 'Malatya'),
(62, 'Haliç Üni', 'Vakıf', 'İstanbul'),
(63, 'İstanbul Kültür Üni', 'Vakıf', 'İstanbul'),
(64, 'Altınbaş Üni', 'Vakıf', 'İstanbul'),
(65, 'Ufuk Üni', 'Vakıf', 'Ankara'),
(66, 'Kocaeli Üni', 'Devlet', 'Kocaeli'),
(67, 'Lokman Hekim Üni', 'Vakıf', 'Ankara'),
(68, 'Ondokuz Mayıs Üni', 'Devlet', 'Samsun'),
(69, 'Demiroğlu Bilim Üni', 'Vakıf', 'İstanbul'),
(70, 'Yüksek İhtisas Üni', 'Vakıf', 'Ankara'),
(71, 'Üsküdar Üni', 'Vakıf', 'İstanbul'),
(72, 'Çanakkale Onsekiz Mart Üni', 'Devlet', 'Çanakkale'),
(73, 'Ankara Sosyal Bilimler Üni', 'Devlet', 'Ankara'),
(74, 'İzmir Bakırçay Üni', 'Devlet', 'İzmir'),
(75, 'Selçuk Üni', 'Devlet', 'Konya'),
(76, 'Erciyes Üni', 'Devlet', 'Kayseri'),
(77, 'Hatay Mustafa Kemal Üni', 'Devlet', 'Hatay'),
(78, 'Mersin Üni', 'Devlet', 'Mersin'),
(79, 'İzmir Demokrasi Üni', 'Devlet', 'İzmir'),
(80, 'İstanbul Yeni Yüzyıl Üni', 'Vakıf', 'İstanbul'),
(81, 'Pamukkale Üni', 'Devlet', 'Denizli'),
(82, 'Manisa Celâl Bayar Üni', 'Devlet', 'Manisa'),
(83, 'Muğla Sıtkı Koçman Üni', 'Devlet', 'Muğla'),
(84, 'Girne Amerikan Üni', 'Kktc', 'Kktc-Girne'),
(85, 'İstanbul Ticaret Üni', 'Vakıf', 'İstanbul'),
(86, 'Adıyaman Üni', 'Devlet', 'Adıyaman'),
(87, 'Aydın Adnan Menderes Üni', 'Devlet', 'Aydın'),
(88, 'Balıkesir Üni', 'Devlet', 'Balıkesir'),
(89, 'Trakya Üni', 'Devlet', 'Edirne'),
(90, 'Abant İzzet Baysal Üni', 'Devlet', 'Bolu'),
(91, 'Bandırma Onyedi Eylül Üni', 'Devlet', 'Balıkesir'),
(92, 'Necmettin Erbakan Üni', 'Devlet', 'Konya'),
(93, 'Sakarya Üni', 'Devlet', 'Sakarya'),
(94, 'Doğuş Üni', 'Vakıf', 'İstanbul'),
(95, 'Atatürk Üni', 'Devlet', 'Erzurum'),
(96, 'Fenerbahçe Üni', 'Vakıf', 'İstanbul'),
(97, 'Nevşehir Hacı Bektaş Veli Üni', 'Devlet', 'Nevşehir'),
(98, 'İstanbul Arel Üni', 'Vakıf', 'İstanbul'),
(99, 'Süleyman Demirel Üni', 'Devlet', 'Isparta'),
(100, 'Gaziantep Üni', 'Devlet', 'Gaziantep'),
(101, 'Alanya Alaaddin Keykubat Üni', 'Devlet', 'Antalya'),
(102, 'Ankara Bilim Üni', 'Vakıf', 'Ankara'),
(103, 'İzmir Tınaztepe Üni', 'Vakıf', 'İzmir'),
(104, 'Girne Üni', 'Kktc', 'Kktc-Girne'),
(105, 'Amasya Üni', 'Devlet', 'Amasya'),
(106, 'Karadeniz Teknik Üni', 'Devlet', 'Trabzon'),
(107, 'Trabzon Üni', 'Devlet', 'Trabzon'),
(108, 'Tekirdağ Namık Kemal Üni', 'Devlet', 'Tekirdağ'),
(109, 'Düzce Üni', 'Devlet', 'Düzce'),
(110, 'İstanbul Atlas Üni', 'Vakıf', 'İstanbul'),
(111, 'Dicle Üni', 'Devlet', 'Diyarbakır'),
(112, 'Uşak Üni', 'Devlet', 'Uşak'),
(113, 'İçişleri Bakanlığı Ve Milli Savunma Bakanlığı Adına Sağlık Bilimleri Üninde Eğitim', 'Devlet', 'Ankara'),
(114, 'Burdur Mehmet Akif Ersoy Üni', 'Devlet', 'Burdur'),
(115, 'Aksaray Üni', 'Devlet', 'Aksaray'),
(116, 'Kırıkkale Üni', 'Devlet', 'Kırıkkale'),
(117, 'Karamanoğlu Mehmetbey Üni', 'Devlet', 'Karaman'),
(118, 'Zonguldak Bülent Ecevit Üni', 'Devlet', 'Zonguldak'),
(119, 'Nişantaşı Üni', 'Vakıf', 'İstanbul'),
(120, 'Doğu Akdeniz Üni', 'Kktc', 'Kktc-Gazimağusa'),
(121, 'Tokat Gaziosmanpaşa Üni', 'Devlet', 'Tokat'),
(122, 'Giresun Üni', 'Devlet', 'Giresun'),
(123, 'İstanbul Sağlık Ve Teknoloji Üni', 'Vakıf', 'İstanbul'),
(124, 'Afyonkarahisar Sağlık Bilimleri Üni', 'Devlet', 'Afyonkarahisar'),
(125, 'Kırklareli Üni', 'Devlet', 'Kırklareli'),
(126, 'Sinop Üni', 'Devlet', 'Sinop'),
(127, 'Sivas Cumhuriyet Üni', 'Devlet', 'Sivas'),
(128, 'Van Yüzüncü Yıl Üni', 'Devlet', 'Van'),
(129, 'Bartın Üni', 'Devlet', 'Bartın'),
(130, 'Kütahya Sağlık Bilimleri Üni', 'Devlet', 'Kütahya'),
(131, 'İstanbul Gelişim Üni', 'Vakıf', 'İstanbul'),
(132, 'Kahramanmaraş Sütçü İmam Üni', 'Devlet', 'Kahramanmaraş'),
(133, 'İzmir Yüksek Teknoloji Enstitüsü', 'Devlet', 'İzmir'),
(134, 'İstanbul Ayvansaray Üni', 'Vakıf', 'İstanbul'),
(135, 'Ordu Üni', 'Devlet', 'Ordu'),
(136, 'Fırat Üni', 'Devlet', 'Elazığ'),
(137, 'Malatya Turgut Özal Üni', 'Devlet', 'Malatya'),
(138, 'Sanko Üni', 'Vakıf', 'Gaziantep'),
(139, 'Çağ Üni', 'Vakıf', 'Mersin'),
(140, 'Yozgat Bozok Üni', 'Devlet', 'Yozgat'),
(141, 'Karabük Üni', 'Devlet', 'Karabük'),
(142, 'Recep Tayyip Erdoğan Üni', 'Devlet', 'Rize'),
(143, 'Harran Üni', 'Devlet', 'Şanlıurfa'),
(144, 'Kırşehir Ahi Evran Üni', 'Devlet', 'Kırşehir'),
(145, 'Erzincan Binali Yıldırım Üni', 'Devlet', 'Erzincan'),
(146, 'Niğde Ömer Halisdemir Üni', 'Devlet', 'Niğde'),
(147, 'Bayburt Üni', 'Devlet', 'Bayburt'),
(148, 'Yalova Üni', 'Devlet', 'Yalova'),
(149, 'Hitit Üni', 'Devlet', 'Çorum'),
(150, 'Ağrı İbrahim Çeçen Üni', 'Devlet', 'Ağrı'),
(151, 'Lefke Avrupa Üni', 'Kktc', 'Kktc-Lefke'),
(152, 'Gebze Teknik Üni', 'Devlet', 'Gebze'),
(153, 'Siirt Üni', 'Devlet', 'Siirt'),
(154, 'Muş Alparslan Üni', 'Devlet', 'Muş'),
(155, 'Kafkas Üni', 'Devlet', 'Kars'),
(156, 'Yakın Doğu Üni', 'Kktc', 'Kktc-Lefkoşa'),
(157, 'Piri Reis Üni', 'Vakıf', 'İstanbul'),
(158, 'Toros Üni', 'Vakıf', 'Mersin'),
(159, 'Kastamonu Üni', 'Devlet', 'Kastamonu'),
(160, 'Kütahya Dumlupınar Üni', 'Devlet', 'Kütahya'),
(161, 'İstanbul Gedik Üni', 'Vakıf', 'İstanbul'),
(162, 'Kapadokya Üni', 'Vakıf', 'Nevşehir'),
(163, 'Samsun Üni', 'Devlet', 'Samsun'),
(164, 'Afyon Kocatepe Üni', 'Devlet', 'Afyonkarahisar'),
(165, 'Uluslararası Kıbrıs Üni', 'Kktc', 'Kktc-Lefkoşa'),
(166, 'Hakkari Üni', 'Devlet', 'Hakkari'),
(167, 'Adana Alparslan Türkeş Bilim Ve Teknoloji', 'Devlet', 'Adana'),
(168, 'Alanya Hamdullah Emin Paşa Üni', 'Vakıf', 'Antalya'),
(169, 'Uluslararası Final Üni', 'Kktc', 'Kktc-Girne'),
(170, 'İstanbul Kent Üni', 'Vakıf', 'İstanbul'),
(171, 'Azerbaycan Tıp Üni', 'Yurtdışı', 'Bakü-Azerbaycan'),
(172, 'Nuh Naci Yazgan Üni', 'Vakıf', 'Kayseri'),
(173, 'Kilis 7 Aralık Üni', 'Devlet', 'Kilis'),
(174, 'Ada Kent Üni', 'Kktc', 'Kktc-Gazimağusa'),
(175, 'Kocaeli Sağlık Ve Teknoloji Üni', 'Vakıf', 'Kocaeli'),
(176, 'Avrasya Üni', 'Vakıf', 'Trabzon'),
(177, 'Çankırı Karatekin Üni', 'Devlet', 'Çankırı'),
(178, 'İstanbul Galata Üni', 'Vakıf', 'İstanbul'),
(179, 'Beykoz Üni', 'Vakıf', 'İstanbul'),
(180, 'Bingöl Üni', 'Devlet', 'Bingöl'),
(181, 'Mardin Artuklu Üni', 'Devlet', 'Mardin'),
(182, 'Kıbrıs Sağlık Ve Toplum Bilimleri', 'Kktc', 'Güzelyurt'),
(183, 'Osmaniye Korkut Ata Üni', 'Devlet', 'Osmaniye'),
(184, 'Artvin Çoruh Üni', 'Devlet', 'Artvin'),
(185, 'Kahramanmaraş İstiklal Üni', 'Devlet', 'Kahramanmaraş'),
(186, 'Erzurum Teknik Üni', 'Devlet', 'Erzurum'),
(187, 'Uluslararası Saraybosna Üni', 'Yurtdışı', 'Saraybosna - Bosna - Hersek'),
(188, 'Batman Üni', 'Devlet', 'Batman'),
(189, 'Gümüşhane Üni', 'Devlet', 'Gümüşhane'),
(190, 'Munzur Üni', 'Devlet', 'Tunceli'),
(191, 'Antalya Akev Üni', 'Vakıf', 'Antalya'),
(192, 'Bitlis Eren Üni', 'Devlet', 'Bitlis'),
(193, 'Ardahan Üni', 'Devlet', 'Ardahan'),
(194, 'Hoca Ahmet Yesevi Uluslararası Türk-Kazak Üni', 'Yurtdışı', 'Türkistan-Kazakistan'),
(195, 'Ostim Teknik Üni', 'Vakıf', 'Ankara'),
(196, 'Iğdır Üni', 'Devlet', 'Iğdır'),
(197, 'Abdullah Gül Üni', 'Devlet', 'Kayseri'),
(198, 'Uluslararası Balkan Üni', 'Yurtdışı', 'Üsküp-Makedonya'),
(199, 'Sakarya Uygulamalı Bilimler Üni', 'Devlet', 'Sakarya'),
(200, 'Kıbrıs İlim Üni', 'Kktc', 'Kktc-Girne'),
(201, 'İstanbul Rumeli Üni', 'Vakıf', 'İstanbul'),
(202, 'Bursa Teknik Üni', 'Devlet', 'Bursa'),
(203, 'Konya Gıda Ve Tarım Üni', 'Vakıf', 'Konya'),
(204, 'İskenderun Teknik Üni', 'Devlet', 'Hatay'),
(205, 'Kırgızistan-Türkiye Manas Üni', 'Yurtdışı', 'Bişkek-Kırgızistan'),
(206, 'Konya Teknik Üni', 'Devlet', 'Konya'),
(207, 'İstanbul Esenyurt Üni', 'Vakıf', 'İstanbul'),
(208, 'Bilecik Şeyh Edebali Üni', 'Devlet', 'Bilecik'),
(209, 'Gaziantep İslam Bilim Ve Teknoloji', 'Devlet', 'Gaziantep'),
(210, 'Tarsus Üni', 'Devlet', 'Mersin'),
(211, 'Isparta Uygulamalı Bilimler Üni', 'Devlet', 'Isparta'),
(212, 'Kayseri Üni', 'Devlet', 'Kayseri'),
(213, 'Şırnak Üni', 'Devlet', 'Şırnak'),
(214, 'Kıbrıs Batı Üni', 'Kktc', 'Gazimoğusa'),
(215, 'Bahçeşehir Kıbrıs Üni', 'Kktc', 'Lefkoşa'),
(216, 'Arkın Yaratıcı Sanatlar Ve Tasarım', 'Kktc', 'KKTC'),
(217, 'Işık Üni', 'Vakıf', 'İstanbul'),
(218, 'Kıbrıs Amerikan Üni', 'Kktc', 'Kktc-Lefkoşa'),
(219, 'Akdeniz Karpaz Üni', 'Kktc', 'Lefkoşa'),
(220, 'Rauf Denktaş Üni', 'Kktc', 'Lefkoşa'),
(221, 'Azerbaycan Devlet Pedagoji Üni', 'Yurtdışı', 'Bakü-Azerbaycan'),
(222, 'Azerbaycan Diller Üni', 'Yurtdışı', 'Bakü-Azerbaycan'),
(223, 'Bakü Devlet Üni', 'Yurtdışı', 'Bakü-Azerbaycan'),
(224, 'Komrat Devlet Üni', 'Yurtdışı', 'Komrat-Moldova');

--
-- Dökümü yapılmış tablolar için indeksler
--

--
-- Tablo için indeksler `faculty`
--
ALTER TABLE `faculty`
  ADD KEY `unı_fk` (`uni_id`),
  ADD KEY `fac_fk` (`faculty_id`);

--
-- Tablo için indeksler `facultyname`
--
ALTER TABLE `facultyname`
  ADD PRIMARY KEY (`faculty_ıd`);

--
-- Tablo için indeksler `university`
--
ALTER TABLE `university`
  ADD PRIMARY KEY (`uni_id`);

--
-- Dökümü yapılmış tablolar için AUTO_INCREMENT değeri
--

--
-- Tablo için AUTO_INCREMENT değeri `facultyname`
--
ALTER TABLE `facultyname`
  MODIFY `faculty_ıd` int(3) NOT NULL AUTO_INCREMENT, AUTO_INCREMENT=305;

--
-- Tablo için AUTO_INCREMENT değeri `university`
--
ALTER TABLE `university`
  MODIFY `uni_id` int(11) NOT NULL AUTO_INCREMENT, AUTO_INCREMENT=225;

--
-- Dökümü yapılmış tablolar için kısıtlamalar
--

--
-- Tablo kısıtlamaları `faculty`
--
ALTER TABLE `faculty`
  ADD CONSTRAINT `fac_fk` FOREIGN KEY (`faculty_id`) REFERENCES `facultyname` (`faculty_ıd`),
  ADD CONSTRAINT `unı_fk` FOREIGN KEY (`uni_id`) REFERENCES `university` (`uni_id`);
COMMIT;

/*!40101 SET CHARACTER_SET_CLIENT=@OLD_CHARACTER_SET_CLIENT */;
/*!40101 SET CHARACTER_SET_RESULTS=@OLD_CHARACTER_SET_RESULTS */;
/*!40101 SET COLLATION_CONNECTION=@OLD_COLLATION_CONNECTION */;
